timestamp,cpu,ram,disk
2025-12-15 21:45:55,0.5,41.9,28.5
2025-12-15 21:45:58,0.2,41.9,28.5
2025-12-15 21:46:01,0.8,41.9,28.5
2025-12-15 21:46:04,26.8,41.6,28.5
2025-12-15 21:46:07,36.4,42.0,28.5
2025-12-15 21:46:10,27.3,42.1,28.5
2025-12-15 21:46:13,25.0,43.6,28.5
2025-12-15 21:46:16,48.9,49.7,28.6
2025-12-15 21:46:19,48.2,54.4,28.6
2025-12-15 21:46:22,20.5,42.8,28.6
2025-12-15 21:46:25,0.8,42.9,28.6
2025-12-15 21:46:28,0.8,42.9,28.6
2025-12-15 21:46:31,23.7,45.7,28.3
2025-12-15 21:46:34,5.1,45.1,28.6
2025-12-15 21:46:37,0.0,43.1,28.6
2025-12-15 21:46:40,13.5,42.9,28.6
2025-12-15 21:46:43,4.3,44.6,28.6
2025-12-15 21:46:46,0.5,44.6,28.6
2025-12-15 21:46:49,0.3,44.6,28.6
2025-12-15 21:46:52,1.0,44.6,28.6
2025-12-15 21:46:55,13.2,45.5,28.6
2025-12-15 21:46:58,0.2,43.1,28.6
2025-12-15 21:47:01,0.0,42.7,28.6
2025-12-15 21:47:04,0.2,42.6,28.6
2025-12-15 21:47:07,0.3,42.6,28.6
2025-12-15 21:47:10,0.0,42.6,28.6
2025-12-15 21:47:13,0.5,42.1,28.6
2025-12-15 21:47:16,0.0,42.1,28.6
2025-12-15 21:47:19,0.2,42.1,28.6
2025-12-15 21:47:22,0.0,42.1,28.6
2025-12-15 21:47:25,0.0,42.1,28.6
2025-12-15 21:47:28,0.3,42.1,28.6
2025-12-15 21:47:31,0.5,42.1,28.6
2025-12-15 21:47:34,0.0,42.1,28.6
2025-12-15 21:47:37,0.2,42.1,28.6
2025-12-15 21:47:40,0.2,42.1,28.6
2025-12-15 21:47:43,0.3,42.1,28.6
2025-12-15 21:47:46,0.0,42.1,28.6
2025-12-15 21:47:49,0.2,42.1,28.6
2025-12-15 21:47:52,0.0,42.1,28.6
2025-12-15 21:47:55,0.0,42.1,28.6
2025-12-15 21:47:58,0.0,42.1,28.6
2025-12-15 21:48:01,0.0,42.1,28.6
2025-12-15 21:48:04,0.0,42.1,28.6
2025-12-15 21:48:07,0.0,42.1,28.6
2025-12-15 21:48:10,0.0,42.1,28.6
2025-12-15 21:48:13,0.2,42.1,28.6
2025-12-15 21:48:16,0.2,42.1,28.6
2025-12-15 21:48:19,0.0,42.1,28.6
2025-12-15 21:48:22,0.0,42.1,28.6
2025-12-15 21:48:25,0.5,42.1,28.6
2025-12-15 21:48:28,0.2,42.1,28.6
2025-12-15 21:48:31,0.3,42.1,28.6
2025-12-15 21:48:34,0.0,42.1,28.6
2025-12-15 21:48:37,0.2,42.1,28.6
2025-12-15 21:48:41,0.3,42.1,28.6
2025-12-15 21:48:44,24.6,42.7,28.6
2025-12-15 21:48:47,48.1,51.0,28.6
2025-12-15 21:48:50,0.2,43.1,28.6
2025-12-15 22:01:18,0.5,43.1,28.6
2025-12-15 22:01:21,0.5,43.1,28.6
2025-12-15 22:01:24,0.2,43.1,28.6
2025-12-15 22:01:27,0.3,43.1,28.6
2025-12-15 22:01:30,2.0,43.0,28.6
2025-12-15 22:01:33,1.0,43.0,28.6
2025-12-15 22:01:36,1.8,43.0,28.6
2025-12-15 22:01:39,4.5,43.5,28.6
2025-12-15 22:01:42,2.1,43.5,28.6
2025-12-15 22:01:45,2.3,43.5,28.6
2025-12-15 22:01:48,1.3,43.5,28.6
2025-12-15 22:01:51,0.7,43.5,28.6
2025-12-15 22:01:54,21.0,45.3,28.3
2025-12-15 22:01:57,12.2,45.9,28.6
2025-12-15 22:02:00,3.3,44.8,28.6
2025-12-15 22:02:03,3.0,43.8,28.6
2025-12-15 22:02:06,2.5,43.1,28.6
2025-12-15 22:02:09,2.8,43.0,28.6
2025-12-15 22:02:12,0.5,43.3,28.6
2025-12-15 22:02:15,0.3,43.3,28.6
2025-12-15 22:02:18,0.0,43.3,28.6
2025-12-15 22:02:21,0.0,43.3,28.6
2025-12-15 22:02:24,0.0,43.3,28.6
2025-12-15 22:02:27,0.0,43.3,28.6
2025-12-15 22:02:30,0.0,43.3,28.6
2025-12-15 22:02:33,0.2,43.3,28.6
2025-12-15 22:02:37,0.0,43.3,28.6
2025-12-15 22:02:40,0.0,43.3,28.6
2025-12-15 22:02:43,0.0,43.3,28.6
2025-12-15 22:02:46,0.0,43.3,28.6
2025-12-15 22:02:49,0.0,43.3,28.6
2025-12-15 22:02:52,1.5,43.3,28.6
2025-12-15 22:02:55,1.8,43.3,28.6
2025-12-15 22:02:58,0.0,43.3,28.6
2025-12-15 22:03:01,0.5,43.3,28.6
2025-12-15 22:03:04,0.5,43.3,28.6
2025-12-15 22:03:07,0.2,43.3,28.6
2025-12-15 22:03:10,0.0,43.3,28.6
2025-12-15 22:03:13,0.0,43.3,28.6
2025-12-15 22:03:16,0.0,43.3,28.6
2025-12-15 22:03:19,0.0,43.3,28.6
2025-12-15 22:03:22,0.0,43.3,28.6
2025-12-15 22:03:25,0.0,43.3,28.6
2025-12-15 22:03:28,0.0,43.3,28.6
2025-12-15 22:03:31,0.0,43.3,28.6
2025-12-15 22:03:34,0.0,43.3,28.6
2025-12-15 22:03:37,0.0,43.3,28.6
2025-12-15 22:03:40,0.0,43.3,28.6
2025-12-15 22:03:43,0.0,43.3,28.6
2025-12-15 22:03:46,0.0,43.3,28.6
2025-12-15 22:03:49,0.0,43.3,28.6
2025-12-15 22:03:52,0.0,43.3,28.6
2025-12-15 22:03:55,0.2,43.3,28.6
2025-12-15 22:03:58,0.0,43.3,28.6
2025-12-15 22:04:01,0.0,43.3,28.6
2025-12-15 22:04:04,0.2,43.3,28.6
2025-12-15 22:04:07,0.0,43.3,28.6
2025-12-15 22:04:10,0.2,43.3,28.6
2025-12-15 22:04:13,0.0,43.3,28.6
2025-12-15 22:04:16,0.2,43.3,28.6
2025-12-15 22:04:19,0.0,43.3,28.6
2025-12-15 22:04:23,0.0,43.3,28.6
2025-12-15 22:04:26,0.0,43.3,28.6
2025-12-15 22:04:29,0.0,43.3,28.6
2025-12-15 22:04:32,0.0,43.3,28.6
2025-12-15 22:04:35,0.0,43.3,28.6
2025-12-15 22:04:38,0.0,43.3,28.6
2025-12-15 22:04:41,0.0,43.3,28.6
2025-12-15 22:04:44,0.0,43.3,28.6
2025-12-15 22:04:47,0.5,43.3,28.6
2025-12-15 22:04:50,0.0,43.3,28.6
2025-12-15 22:04:53,0.0,43.3,28.6
2025-12-15 22:04:56,0.2,43.3,28.6
2025-12-15 22:04:59,0.5,43.3,28.6
2025-12-15 22:05:02,0.0,43.0,28.6
2025-12-15 22:05:05,0.0,43.0,28.6
2025-12-15 22:05:08,0.0,43.0,28.6
2025-12-15 22:05:11,0.5,43.0,28.6
2025-12-15 22:05:14,0.0,43.0,28.6
2025-12-15 22:05:17,0.0,43.0,28.6
2025-12-15 22:05:20,0.0,43.0,28.6
2025-12-15 22:05:23,0.0,43.0,28.6
2025-12-15 22:05:26,0.0,43.0,28.6
2025-12-15 22:05:29,0.0,43.0,28.6
2025-12-15 22:05:32,0.0,43.0,28.6
2025-12-15 22:05:35,0.0,43.0,28.6
2025-12-15 22:05:38,0.2,43.0,28.6
2025-12-15 22:05:41,0.0,43.0,28.6
2025-12-15 22:05:44,0.2,43.0,28.6
2025-12-15 22:05:47,0.0,43.0,28.6
2025-12-15 22:05:50,0.0,43.0,28.6
2025-12-15 22:05:53,0.0,43.0,28.6
2025-12-15 22:05:57,0.2,43.0,28.6
2025-12-15 22:06:00,0.5,43.0,28.6
2025-12-15 22:06:03,0.0,43.0,28.6
2025-12-15 22:06:06,0.5,43.0,28.6
2025-12-15 22:06:09,0.5,43.0,28.6
2025-12-15 22:06:12,0.5,43.0,28.6
2025-12-15 22:06:15,0.5,43.0,28.6
2025-12-15 22:06:18,0.5,43.0,28.6
2025-12-15 22:06:21,0.5,43.0,28.6
2025-12-15 22:06:24,0.2,43.0,28.6
2025-12-15 22:06:27,0.2,43.0,28.6
2025-12-15 22:06:30,0.0,43.0,28.6
2025-12-15 22:06:33,0.0,43.0,28.6
2025-12-15 22:06:36,0.0,43.0,28.6
2025-12-15 22:06:39,0.0,43.0,28.6
2025-12-15 22:06:42,0.0,43.0,28.6
2025-12-15 22:06:45,0.0,43.0,28.6
2025-12-15 22:06:48,0.2,43.0,28.6
2025-12-15 22:06:51,0.2,43.0,28.6
2025-12-15 22:06:54,1.3,43.0,28.6
2025-12-15 22:06:57,1.5,43.0,28.6
2025-12-15 22:07:00,0.2,43.0,28.6
2025-12-15 22:07:03,5.7,43.1,28.6
2025-12-15 22:07:06,6.9,43.1,28.6
2025-12-15 22:07:09,7.3,43.1,28.6
2025-12-15 22:07:12,4.9,43.1,28.6
2025-12-15 22:07:15,0.5,43.1,28.6
2025-12-15 22:07:18,1.2,43.1,28.6
2025-12-15 22:07:21,0.8,43.1,28.6
2025-12-15 22:07:24,0.7,43.1,28.6
2025-12-15 22:07:27,0.0,43.1,28.6
2025-12-15 22:07:30,0.0,43.1,28.6
2025-12-15 22:07:33,0.5,43.1,28.6
2025-12-15 22:07:36,2.3,43.1,28.6
2025-12-15 22:07:39,0.5,43.1,28.6
2025-12-15 22:07:42,1.2,43.1,28.6
2025-12-15 22:07:44,0.0,42.6,28.6
2025-12-15 22:07:47,0.3,42.6,28.6
2025-12-15 22:07:50,1.5,42.6,28.6
2025-12-15 22:07:53,0.5,42.6,28.6
2025-12-15 22:07:56,0.0,42.6,28.6
2025-12-15 22:07:59,1.0,42.6,28.6
2025-12-15 22:08:03,1.0,42.4,28.6
2025-12-15 22:08:06,0.2,42.4,28.6
2025-12-15 22:08:09,0.5,42.4,28.6
2025-12-15 22:08:12,0.3,42.4,28.6
2025-12-15 22:08:15,0.0,42.4,28.6
2025-12-15 22:08:18,0.0,42.4,28.6
2025-12-15 22:08:21,0.0,42.4,28.6
2025-12-15 22:08:24,0.0,42.4,28.6
2025-12-15 22:08:27,0.2,42.4,28.6
2025-12-15 22:08:30,0.0,42.4,28.6
2025-12-15 22:08:33,0.2,42.4,28.6
2025-12-15 22:08:36,0.0,42.4,28.6
2025-12-15 22:08:39,0.0,42.4,28.6
2025-12-15 22:08:42,0.0,42.4,28.6
2025-12-15 22:08:45,0.2,42.4,28.6
2025-12-15 22:08:48,0.2,42.4,28.6
2025-12-15 22:08:51,0.0,42.4,28.6
2025-12-15 22:08:54,1.0,42.4,28.6
2025-12-15 22:08:57,0.0,42.4,28.6
2025-12-15 22:09:00,0.5,42.4,28.6
2025-12-15 22:09:03,0.5,42.4,28.6
2025-12-15 22:09:06,0.2,42.4,28.6
2025-12-15 22:09:09,0.0,42.4,28.6
2025-12-15 22:09:12,0.2,42.4,28.6
2025-12-15 22:09:15,0.0,42.4,28.6
2025-12-15 22:09:18,0.0,42.4,28.6
2025-12-15 22:09:21,0.2,42.4,28.6
2025-12-15 22:09:24,0.2,42.4,28.6
2025-12-15 22:09:27,0.0,42.4,28.6
2025-12-15 22:09:30,0.0,42.4,28.6
2025-12-15 22:09:33,0.0,42.4,28.6
2025-12-15 22:09:36,0.0,42.4,28.6
2025-12-15 22:09:39,0.0,42.4,28.6
2025-12-15 22:09:42,0.0,42.4,28.6
2025-12-15 22:09:45,0.0,42.4,28.6
2025-12-15 22:09:48,0.0,42.4,28.6
2025-12-15 22:09:52,0.0,42.4,28.6
2025-12-15 22:09:55,0.0,42.4,28.6
2025-12-15 22:09:58,0.0,42.4,28.6
2025-12-15 22:10:01,0.0,42.4,28.6
2025-12-15 22:10:04,0.0,42.4,28.6
2025-12-15 22:10:07,0.2,42.4,28.6
2025-12-15 22:10:10,0.2,42.4,28.6
2025-12-15 22:10:13,0.0,42.4,28.6
2025-12-15 22:10:16,0.0,42.4,28.6
2025-12-15 22:10:19,0.0,42.4,28.6
2025-12-15 22:10:22,0.2,42.4,28.6
2025-12-15 22:10:25,0.0,42.4,28.6
2025-12-15 22:10:28,0.0,42.4,28.6
2025-12-15 22:10:31,0.0,42.4,28.6
2025-12-15 22:10:34,0.8,42.4,28.6
2025-12-15 22:10:37,2.8,42.4,28.6
2025-12-15 22:10:40,0.5,42.4,28.6
2025-12-15 22:10:43,0.0,42.4,28.6
2025-12-15 22:10:46,0.0,42.4,28.6
2025-12-15 22:10:49,0.0,42.4,28.6
2025-12-15 22:10:52,0.0,42.4,28.6
2025-12-15 22:10:55,0.0,42.4,28.6
2025-12-15 22:10:58,0.2,42.4,28.6
2025-12-15 22:11:01,0.0,42.4,28.6
2025-12-15 22:11:04,0.0,42.4,28.6
2025-12-15 22:11:07,0.2,42.4,28.6
2025-12-15 22:11:10,0.2,42.4,28.6
2025-12-15 22:11:13,0.0,42.4,28.6
2025-12-15 22:11:16,0.0,42.4,28.6
2025-12-15 22:11:19,0.7,42.5,28.6
2025-12-15 22:11:22,0.0,42.5,28.6
2025-12-15 22:11:25,0.0,42.5,28.6
2025-12-15 22:11:28,0.2,42.5,28.6
2025-12-15 22:11:31,0.5,42.5,28.6
2025-12-15 22:11:34,0.0,42.5,28.6
2025-12-15 22:11:37,0.2,42.5,28.6
2025-12-15 22:11:40,0.0,42.5,28.6
2025-12-15 22:11:44,0.0,42.5,28.6
2025-12-15 22:11:47,0.2,42.5,28.6
2025-12-15 22:11:50,0.5,42.5,28.6
2025-12-15 22:11:53,0.0,42.5,28.6
2025-12-15 22:11:56,0.0,42.5,28.6
2025-12-15 22:11:59,0.0,42.5,28.6
2025-12-15 22:12:02,0.0,42.5,28.6
2025-12-15 22:12:05,0.0,42.5,28.6
2025-12-15 22:12:08,0.2,42.5,28.6
2025-12-15 22:12:11,0.0,42.5,28.6
2025-12-15 22:12:14,0.0,42.5,28.6
2025-12-15 22:12:17,0.0,42.5,28.6
2025-12-15 22:12:20,0.0,42.5,28.6
2025-12-15 22:12:23,0.0,42.5,28.6
2025-12-15 22:12:26,0.0,42.5,28.6
2025-12-15 22:12:29,0.2,42.5,28.6
2025-12-15 22:12:32,0.0,42.5,28.6
2025-12-15 22:12:35,0.0,42.5,28.6
2025-12-15 22:12:38,0.2,42.5,28.6
2025-12-15 22:12:41,0.0,42.5,28.6
2025-12-15 22:12:44,0.0,42.5,28.6
2025-12-15 22:12:47,0.2,42.5,28.6
2025-12-15 22:12:50,0.0,42.5,28.6
2025-12-15 22:12:53,0.0,42.5,28.6
2025-12-15 22:12:56,0.3,42.5,28.6
2025-12-15 22:12:59,0.0,42.5,28.6
2025-12-15 22:13:02,0.0,42.5,28.6
2025-12-15 22:13:05,0.0,42.5,28.6
2025-12-15 22:13:08,0.0,42.5,28.6
2025-12-15 22:13:11,0.0,42.5,28.6
2025-12-15 22:13:14,0.2,42.5,28.6
2025-12-15 22:13:17,0.5,42.5,28.6
2025-12-15 22:13:20,0.0,42.5,28.6
2025-12-15 22:13:23,0.0,42.5,28.6
2025-12-15 22:13:26,0.0,42.5,28.6
2025-12-15 22:13:29,0.2,42.5,28.6
2025-12-15 22:13:32,0.0,42.5,28.6
2025-12-15 22:13:35,0.2,42.5,28.6
2025-12-15 22:13:39,0.2,42.5,28.6
2025-12-15 22:13:42,0.0,42.5,28.6
2025-12-15 22:13:45,0.0,42.5,28.6
2025-12-15 22:13:48,0.0,42.5,28.6
2025-12-15 22:13:51,0.2,42.5,28.6
2025-12-15 22:13:54,0.0,42.5,28.6
2025-12-15 22:13:57,0.0,42.5,28.6
2025-12-15 22:14:00,0.2,42.5,28.6
2025-12-15 22:14:03,0.0,42.5,28.6
2025-12-15 22:14:06,0.0,42.5,28.6
2025-12-15 22:14:09,0.0,42.5,28.6
2025-12-15 22:14:12,0.0,42.5,28.6
2025-12-15 22:14:15,0.3,42.5,28.6
2025-12-15 22:14:18,0.2,42.5,28.6
2025-12-15 22:14:21,0.3,42.5,28.6
2025-12-15 22:14:24,0.0,42.5,28.6
2025-12-15 22:14:27,0.2,42.5,28.6
2025-12-15 22:14:30,0.2,42.5,28.6
2025-12-15 22:14:33,0.3,42.5,28.6
2025-12-15 22:14:36,0.0,42.5,28.6
2025-12-15 22:14:39,0.5,42.5,28.6
2025-12-15 22:14:42,0.0,42.5,28.6
2025-12-15 22:14:45,0.0,42.5,28.6
2025-12-15 22:14:48,0.0,42.5,28.6
2025-12-15 22:14:51,0.0,42.5,28.6
2025-12-15 22:14:54,0.2,42.5,28.6
2025-12-15 22:14:58,0.2,42.5,28.6
2025-12-15 22:15:01,0.2,42.3,28.6
2025-12-15 22:15:04,0.0,42.3,28.6
2025-12-15 22:15:07,0.0,42.3,28.6
2025-12-15 22:15:10,0.2,42.3,28.6
2025-12-15 22:15:13,0.2,42.3,28.6
2025-12-15 22:15:16,0.0,42.3,28.6
2025-12-15 22:15:19,0.0,42.3,28.6
2025-12-15 22:15:22,0.0,42.3,28.6
2025-12-15 22:15:25,0.2,42.3,28.6
2025-12-15 22:15:28,0.0,42.3,28.6
2025-12-15 22:15:31,0.0,42.3,28.6
2025-12-15 22:15:34,0.2,42.3,28.6
2025-12-15 22:15:37,0.0,42.3,28.6
2025-12-15 22:15:40,0.0,42.3,28.6
2025-12-15 22:15:43,0.2,42.3,28.6
2025-12-15 22:15:46,0.2,42.3,28.6
2025-12-15 22:15:49,0.0,42.3,28.6
2025-12-15 22:15:52,0.0,42.3,28.6
2025-12-15 22:15:55,0.0,42.3,28.6
2025-12-15 22:15:58,0.0,42.3,28.6
2025-12-15 22:16:01,0.2,42.3,28.6
2025-12-15 22:16:04,0.0,42.3,28.6
2025-12-15 22:16:07,0.2,42.3,28.6
2025-12-15 22:16:10,0.2,42.3,28.6
2025-12-15 22:16:13,0.0,42.3,28.6
2025-12-15 22:16:16,0.0,42.3,28.6
2025-12-15 22:16:19,0.2,42.3,28.6
2025-12-15 22:16:22,0.0,42.3,28.6
2025-12-15 22:16:25,0.2,42.3,28.6
2025-12-15 22:16:28,0.0,42.3,28.6
2025-12-15 22:16:31,0.0,42.3,28.6
2025-12-15 22:16:34,0.2,42.3,28.6
2025-12-15 22:16:37,0.0,42.3,28.6
2025-12-15 22:16:40,0.0,42.3,28.6
2025-12-15 22:16:44,0.0,42.3,28.6
2025-12-15 22:16:47,0.2,42.3,28.6
2025-12-15 22:16:50,0.0,42.3,28.6
2025-12-15 22:16:53,0.0,42.3,28.6
2025-12-15 22:16:56,0.2,42.3,28.6
2025-12-15 22:16:59,0.0,42.3,28.6
2025-12-15 22:17:02,0.0,42.3,28.6
2025-12-15 22:17:05,0.0,42.3,28.6
2025-12-15 22:17:08,0.0,42.3,28.6
2025-12-15 22:17:11,0.2,42.3,28.6
2025-12-15 22:17:14,0.0,42.3,28.6
2025-12-15 22:17:17,0.0,42.3,28.6
2025-12-15 22:17:20,0.0,42.3,28.6
2025-12-15 22:17:23,0.2,42.3,28.6
2025-12-15 22:17:26,0.0,42.3,28.6
2025-12-15 22:17:29,0.0,42.3,28.6
2025-12-15 22:17:32,0.0,42.3,28.6
2025-12-15 22:17:35,0.0,42.3,28.6
2025-12-15 22:17:38,0.2,42.3,28.6
2025-12-15 22:17:41,0.0,42.3,28.6
2025-12-15 22:17:44,0.0,42.3,28.6
2025-12-15 22:17:47,0.2,42.3,28.6
2025-12-15 22:17:50,0.0,42.3,28.6
2025-12-15 22:17:53,0.0,42.3,28.6
2025-12-15 22:17:56,0.0,42.3,28.6
2025-12-15 22:17:59,0.5,42.3,28.6
2025-12-15 22:18:02,0.0,42.3,28.6
2025-12-15 22:18:05,0.0,42.3,28.6
2025-12-15 22:18:08,0.0,42.3,28.6
2025-12-15 22:18:11,0.0,42.3,28.6
2025-12-15 22:18:14,0.2,42.3,28.6
2025-12-15 22:18:17,0.2,42.3,28.6
2025-12-15 22:18:20,0.0,42.3,28.6
2025-12-15 22:18:23,0.0,42.3,28.6
2025-12-15 22:18:26,0.2,42.3,28.6
2025-12-15 22:18:29,0.0,42.3,28.6
2025-12-15 22:18:32,0.3,42.3,28.6
2025-12-15 22:18:36,0.3,42.3,28.6
2025-12-15 22:18:39,0.0,42.3,28.6
2025-12-15 22:18:42,0.2,42.3,28.6
2025-12-15 22:18:45,0.0,42.3,28.6
2025-12-15 22:18:48,0.2,42.3,28.6
2025-12-15 22:18:51,9.2,42.3,28.6
2025-12-15 22:18:54,7.7,42.3,28.6
2025-12-15 22:18:57,10.3,41.5,28.6
2025-12-15 22:19:00,0.0,41.5,28.6
2025-12-15 22:19:03,0.2,41.5,28.6
2025-12-15 22:19:06,0.3,41.5,28.6
2025-12-15 22:19:09,0.0,41.5,28.6
2025-12-15 22:19:12,0.0,41.5,28.6
2025-12-15 22:19:15,0.0,41.5,28.6
2025-12-15 22:19:18,0.0,41.5,28.6
2025-12-15 22:19:21,0.0,41.5,28.6
2025-12-15 22:19:24,0.3,41.5,28.6
2025-12-15 22:19:27,0.5,41.5,28.6
2025-12-15 22:19:30,0.0,41.5,28.6
2025-12-15 22:19:33,0.0,41.5,28.6
2025-12-15 22:19:36,0.0,41.5,28.6
2025-12-15 22:19:39,0.0,41.5,28.6
2025-12-15 22:19:42,0.0,41.5,28.6
2025-12-15 22:19:45,0.0,41.5,28.6
2025-12-15 22:19:48,0.0,41.5,28.6
2025-12-15 22:19:51,0.0,41.5,28.6
2025-12-15 22:19:54,0.0,41.5,28.6
2025-12-15 22:19:57,0.0,41.5,28.6
2025-12-15 22:20:00,0.0,41.5,28.6
2025-12-15 22:20:03,0.0,41.5,28.6
2025-12-15 22:20:06,0.0,41.5,28.6
2025-12-15 22:20:09,0.5,41.5,28.6
2025-12-15 22:20:12,0.0,41.3,28.6
2025-12-15 22:20:15,0.0,41.3,28.6
2025-12-15 22:20:18,0.0,41.3,28.6
2025-12-15 22:20:22,0.0,41.3,28.6
2025-12-15 22:20:25,0.2,41.3,28.6
2025-12-15 22:20:28,0.0,41.3,28.6
2025-12-15 22:20:31,0.0,41.3,28.6
2025-12-15 22:20:34,0.0,41.3,28.6
2025-12-15 22:20:37,0.0,41.3,28.6
2025-12-15 22:20:40,0.0,41.3,28.6
2025-12-15 22:20:43,0.0,41.3,28.6
2025-12-15 22:20:46,0.0,41.3,28.6
2025-12-15 22:20:49,0.0,41.3,28.6
2025-12-15 22:20:52,0.0,41.3,28.6
2025-12-15 22:20:55,0.2,41.3,28.6
2025-12-15 22:20:58,0.2,41.3,28.6
2025-12-15 22:21:01,0.0,41.3,28.6
2025-12-15 22:21:04,0.2,41.3,28.6
2025-12-15 22:21:07,0.0,41.3,28.6
2025-12-15 22:21:10,0.7,41.3,28.6
2025-12-15 22:21:13,0.0,41.3,28.6
2025-12-15 22:21:16,0.0,41.3,28.6
2025-12-15 22:21:19,0.0,41.3,28.6
2025-12-15 22:21:22,0.2,41.3,28.6
2025-12-15 22:21:25,0.0,41.3,28.6
2025-12-15 22:21:28,0.0,41.3,28.6
2025-12-15 22:21:31,0.0,41.3,28.6
2025-12-15 22:21:34,0.0,41.3,28.6
2025-12-15 22:21:37,0.0,41.3,28.6
2025-12-15 22:21:40,0.0,41.3,28.6
2025-12-15 22:21:43,0.0,41.3,28.6
2025-12-15 22:21:46,0.0,41.3,28.6
2025-12-15 22:21:49,0.0,41.3,28.6
2025-12-15 22:21:52,0.2,41.3,28.6
2025-12-15 22:21:55,0.0,41.3,28.6
2025-12-15 22:21:58,0.2,41.3,28.6
2025-12-15 22:22:02,0.0,41.3,28.6
2025-12-15 22:22:05,0.0,41.3,28.6
2025-12-15 22:22:08,0.2,41.3,28.6
2025-12-15 22:22:11,0.3,41.3,28.6
2025-12-15 22:22:14,0.2,41.3,28.6
2025-12-15 22:22:17,0.0,41.3,28.6
2025-12-15 22:22:20,0.2,41.3,28.6
2025-12-15 22:22:23,0.0,41.3,28.6
2025-12-15 22:22:26,0.0,41.3,28.6
2025-12-15 22:22:29,0.0,41.3,28.6
2025-12-15 22:22:32,0.2,41.3,28.6
2025-12-15 22:22:35,0.0,41.3,28.6
2025-12-15 22:22:38,0.0,41.3,28.6
2025-12-15 22:22:41,0.0,41.3,28.6
2025-12-15 22:22:44,0.0,41.3,28.6
2025-12-15 22:22:47,0.0,41.3,28.6
2025-12-15 22:22:50,0.2,41.3,28.6
2025-12-15 22:22:53,0.0,41.3,28.6
2025-12-15 22:22:56,0.0,41.3,28.6
2025-12-15 22:22:59,0.2,41.3,28.6
2025-12-15 22:23:02,0.0,41.3,28.6
2025-12-15 22:23:05,0.2,41.3,28.6
2025-12-15 22:23:08,0.0,41.3,28.6
2025-12-15 22:23:11,0.2,41.3,28.6
2025-12-15 22:23:14,0.0,41.3,28.6
2025-12-15 22:23:17,0.0,41.3,28.6
2025-12-15 22:23:20,0.0,41.3,28.6
2025-12-15 22:23:23,0.0,41.3,28.6
2025-12-15 22:23:26,0.0,41.3,28.6
2025-12-15 22:23:29,0.0,41.3,28.6
2025-12-15 22:23:32,0.0,41.3,28.6
2025-12-15 22:23:35,0.0,41.3,28.6
2025-12-15 22:23:38,0.0,41.3,28.6
2025-12-15 22:23:41,0.0,41.3,28.6
2025-12-15 22:23:44,0.0,41.3,28.6
2025-12-15 22:23:47,0.2,41.3,28.6
2025-12-15 22:23:51,0.0,41.3,28.6
2025-12-15 22:23:54,0.0,41.3,28.6
2025-12-15 22:23:57,0.0,41.3,28.6
2025-12-15 22:24:00,0.0,41.3,28.6
2025-12-15 22:24:03,0.0,41.3,28.6
2025-12-15 22:24:06,0.0,41.3,28.6
2025-12-15 22:24:09,0.0,41.3,28.6
2025-12-15 22:24:12,0.0,41.3,28.6
2025-12-15 22:24:15,0.0,41.3,28.6
2025-12-15 22:24:18,0.0,41.3,28.6
2025-12-15 22:24:21,0.0,41.3,28.6
2025-12-15 22:24:24,0.0,41.3,28.6
2025-12-15 22:24:27,0.0,41.3,28.6
2025-12-15 22:24:30,0.0,41.3,28.6
2025-12-15 22:24:33,0.0,41.3,28.6
2025-12-15 22:24:36,0.0,41.3,28.6
2025-12-15 22:24:39,0.0,41.3,28.6
2025-12-15 22:24:42,0.0,41.3,28.6
2025-12-15 22:24:45,0.0,41.3,28.6
2025-12-15 22:24:48,0.2,41.3,28.6
2025-12-15 22:24:51,0.0,41.3,28.6
2025-12-15 22:24:54,0.0,41.3,28.6
2025-12-15 22:24:57,0.0,41.3,28.6
2025-12-15 22:25:00,0.2,41.3,28.6
2025-12-15 22:25:03,0.0,41.3,28.6
2025-12-15 22:25:06,0.0,41.3,28.6
2025-12-15 22:25:09,0.2,41.2,28.6
2025-12-15 22:25:12,0.0,41.2,28.6
2025-12-15 22:25:15,0.0,41.2,28.6
2025-12-15 22:25:18,0.0,41.2,28.6
2025-12-15 22:25:21,0.0,41.2,28.6
2025-12-15 22:25:24,0.0,41.2,28.6
2025-12-15 22:25:27,0.2,41.2,28.6
2025-12-15 22:25:30,0.0,41.2,28.6
2025-12-15 22:25:33,0.0,41.2,28.6
2025-12-15 22:25:36,0.0,41.2,28.6
2025-12-15 22:25:39,0.0,41.2,28.6
2025-12-15 22:25:42,0.0,41.2,28.6
2025-12-15 22:25:45,0.0,41.2,28.6
2025-12-15 22:25:48,0.0,41.2,28.6
2025-12-15 22:25:51,0.0,41.2,28.6
2025-12-15 22:25:55,0.2,41.2,28.6
2025-12-15 22:25:58,0.0,41.2,28.6
2025-12-15 22:26:01,0.0,41.2,28.6
2025-12-15 22:26:04,0.0,41.2,28.6
2025-12-15 22:26:07,0.2,41.2,28.6
2025-12-15 22:26:10,0.5,41.2,28.6
2025-12-15 22:26:13,0.0,41.2,28.6
2025-12-15 22:26:16,0.2,41.2,28.6
2025-12-15 22:26:19,0.0,41.2,28.6
2025-12-15 22:26:22,0.0,41.3,28.6
2025-12-15 22:26:25,0.0,41.3,28.6
2025-12-15 22:26:28,0.5,41.3,28.6
2025-12-15 22:26:31,0.0,41.3,28.6
2025-12-15 22:26:34,0.0,41.3,28.6
2025-12-15 22:26:37,0.0,41.3,28.6
2025-12-15 22:26:40,0.0,41.3,28.6
2025-12-15 22:26:43,0.0,41.3,28.6
2025-12-15 22:26:46,0.0,41.3,28.6
2025-12-15 22:26:49,0.0,41.3,28.6
2025-12-15 22:26:52,0.0,41.3,28.6
2025-12-15 22:26:55,0.0,41.3,28.6
2025-12-15 22:26:58,0.2,41.3,28.6
2025-12-15 22:27:01,0.0,41.3,28.6
2025-12-15 22:27:04,0.2,41.3,28.6
2025-12-15 22:27:07,0.0,41.3,28.6
2025-12-15 22:27:10,0.0,41.3,28.6
2025-12-15 22:27:13,0.0,41.3,28.6
2025-12-15 22:27:16,0.0,41.3,28.6
2025-12-15 22:27:19,0.0,41.3,28.6
2025-12-15 22:27:22,0.0,41.3,28.6
2025-12-15 22:27:25,0.2,41.3,28.6
2025-12-15 22:27:28,0.0,41.3,28.6
2025-12-15 22:27:31,0.0,41.3,28.6
2025-12-15 22:27:34,0.0,41.3,28.6
2025-12-15 22:27:37,0.2,41.3,28.6
2025-12-15 22:27:40,0.0,41.3,28.6
2025-12-15 22:27:43,0.2,41.3,28.6
2025-12-15 22:27:47,0.0,41.3,28.6
2025-12-15 22:27:50,0.0,41.3,28.6
2025-12-15 22:27:53,0.2,41.3,28.6
2025-12-15 22:27:56,0.0,41.3,28.6
2025-12-15 22:27:59,0.0,41.3,28.6
2025-12-15 22:28:02,0.0,41.3,28.6
2025-12-15 22:28:05,0.0,41.3,28.6
2025-12-15 22:28:08,0.2,41.3,28.6
2025-12-15 22:28:11,0.0,41.3,28.6
2025-12-15 22:28:14,0.0,41.3,28.6
2025-12-15 22:28:17,0.2,41.3,28.6
2025-12-15 22:28:20,0.2,41.3,28.6
2025-12-15 22:28:23,0.0,41.3,28.6
2025-12-15 22:28:26,0.0,41.3,28.6
2025-12-15 22:28:29,0.0,41.3,28.6
2025-12-15 22:28:32,0.2,41.3,28.6
2025-12-15 22:28:35,0.0,41.3,28.6
2025-12-15 22:28:38,0.3,41.3,28.6
2025-12-15 22:28:41,0.0,41.3,28.6
2025-12-15 22:28:44,0.0,41.3,28.6
2025-12-15 22:28:47,0.0,41.3,28.6
2025-12-15 22:28:50,0.0,41.3,28.6
2025-12-15 22:28:53,0.0,41.3,28.6
2025-12-15 22:28:56,0.5,41.3,28.6
2025-12-15 22:28:59,0.5,41.3,28.6
2025-12-15 22:29:02,0.2,41.3,28.6
2025-12-15 22:29:05,0.0,41.3,28.6
2025-12-15 22:29:08,0.0,41.3,28.6
2025-12-15 22:29:11,0.0,41.3,28.6
2025-12-15 22:29:14,0.0,41.3,28.6
2025-12-15 22:29:17,0.0,41.3,28.6
2025-12-15 22:29:20,0.2,41.3,28.6
2025-12-15 22:29:23,0.0,41.3,28.6
2025-12-15 22:29:26,0.0,41.3,28.6
2025-12-15 22:29:29,0.0,41.3,28.6
2025-12-15 22:29:32,0.0,41.3,28.6
2025-12-15 22:29:36,0.0,41.3,28.6
2025-12-15 22:29:39,0.0,41.3,28.6
2025-12-15 22:29:42,0.0,41.3,28.6
2025-12-15 22:29:45,0.0,41.3,28.6
2025-12-15 22:29:48,0.0,41.3,28.6
2025-12-15 22:29:51,0.0,41.3,28.6
2025-12-15 22:29:54,0.0,41.3,28.6
2025-12-15 22:29:57,0.2,41.3,28.6
2025-12-15 22:30:00,0.0,41.3,28.6
2025-12-15 22:30:03,0.0,41.3,28.6
2025-12-15 22:30:06,0.0,41.3,28.6
2025-12-15 22:30:09,0.5,41.3,28.6
2025-12-15 22:30:12,0.0,41.3,28.6
2025-12-15 22:30:15,0.0,41.3,28.6
2025-12-15 22:30:18,0.0,41.3,28.6
2025-12-15 22:30:21,0.0,41.3,28.6
2025-12-15 22:30:24,0.0,41.3,28.6
2025-12-15 22:30:27,0.0,41.3,28.6
2025-12-15 22:30:30,0.0,41.3,28.6
2025-12-15 22:30:33,0.0,41.3,28.6
2025-12-15 22:30:36,0.2,41.3,28.6
2025-12-15 22:30:39,0.0,41.3,28.6
2025-12-15 22:30:42,0.2,41.3,28.6
2025-12-15 22:30:45,0.0,41.3,28.6
2025-12-15 22:30:48,0.5,41.3,28.6
2025-12-15 22:30:51,0.2,41.3,28.6
2025-12-15 22:30:54,0.0,41.4,28.6
2025-12-15 22:30:57,0.0,41.4,28.6
2025-12-15 22:31:00,0.0,41.4,28.6
2025-12-15 22:31:03,0.2,41.4,28.6
2025-12-15 22:31:06,0.2,41.4,28.6
2025-12-15 22:31:09,0.2,41.4,28.6
2025-12-15 22:31:12,0.0,41.4,28.6
2025-12-15 22:31:15,0.0,41.4,28.6
2025-12-15 22:31:18,0.2,41.4,28.6
2025-12-15 22:31:21,0.0,41.4,28.6
2025-12-15 22:31:24,0.0,41.4,28.6
2025-12-15 22:31:27,0.0,41.4,28.6
2025-12-15 22:31:30,0.0,41.4,28.6
2025-12-15 22:31:34,0.0,41.4,28.6
2025-12-15 22:31:37,0.2,41.4,28.6
2025-12-15 22:31:40,0.0,41.4,28.6
2025-12-15 22:31:43,0.0,41.4,28.6
2025-12-15 22:31:46,0.0,41.4,28.6
2025-12-15 22:31:49,0.0,41.4,28.6
2025-12-15 22:31:52,0.0,41.4,28.6
2025-12-15 22:31:55,0.0,41.4,28.6
2025-12-15 22:31:58,0.0,41.4,28.6
2025-12-15 22:32:01,0.0,41.4,28.6
2025-12-15 22:32:04,0.0,41.4,28.6
2025-12-15 22:32:07,0.0,41.4,28.6
2025-12-15 22:32:10,0.3,41.4,28.6
2025-12-15 22:32:13,0.2,41.4,28.6
2025-12-15 22:32:16,0.2,41.4,28.6
2025-12-15 22:32:19,0.0,41.4,28.6
2025-12-15 22:32:22,0.0,41.4,28.6
2025-12-15 22:32:25,0.0,41.4,28.6
2025-12-15 22:32:28,0.0,41.4,28.6
2025-12-15 22:32:31,0.0,41.4,28.6
2025-12-15 22:32:34,0.0,41.4,28.6
2025-12-15 22:32:37,0.0,41.4,28.6
2025-12-15 22:32:40,0.2,41.4,28.6
2025-12-15 22:32:43,0.0,41.4,28.6
2025-12-15 22:32:46,0.0,41.4,28.6
2025-12-15 22:32:49,0.0,41.4,28.6
2025-12-15 22:32:52,0.2,41.4,28.6
2025-12-15 22:32:55,0.3,41.4,28.6
2025-12-15 22:32:58,0.0,41.4,28.6
2025-12-15 22:33:01,0.2,41.4,28.6
2025-12-15 22:33:04,0.0,41.4,28.6
2025-12-15 22:33:07,0.0,41.4,28.6
2025-12-15 22:33:10,0.2,41.4,28.6
2025-12-15 22:33:13,0.2,41.4,28.6
2025-12-15 22:33:17,0.0,41.4,28.6
2025-12-15 22:33:20,0.2,41.4,28.6
2025-12-15 22:33:23,0.0,41.4,28.6
2025-12-15 22:33:26,0.0,41.4,28.6
2025-12-15 22:33:29,0.0,41.4,28.6
2025-12-15 22:33:32,0.0,41.4,28.6
2025-12-15 22:33:35,0.2,41.4,28.6
2025-12-15 22:33:38,0.5,41.4,28.6
2025-12-15 22:33:41,0.0,41.4,28.6
2025-12-15 22:33:44,0.0,41.4,28.6
2025-12-15 22:33:47,0.0,41.4,28.6
2025-12-15 22:33:50,0.0,41.4,28.6
2025-12-15 22:33:53,0.2,41.4,28.6
2025-12-15 22:33:56,0.0,41.4,28.6
2025-12-15 22:33:59,0.0,41.4,28.6
2025-12-15 22:34:02,0.0,41.4,28.6
2025-12-15 22:34:05,0.0,41.4,28.6
2025-12-15 22:34:08,0.0,41.4,28.6
2025-12-15 22:34:11,0.0,41.4,28.6
2025-12-15 22:34:14,0.0,41.4,28.6
2025-12-15 22:34:17,0.0,41.4,28.6
2025-12-15 22:34:20,0.0,41.4,28.6
2025-12-15 22:34:23,0.0,41.4,28.6
2025-12-15 22:34:26,0.0,41.4,28.6
2025-12-15 22:34:29,0.0,41.4,28.6
2025-12-15 22:34:32,0.0,41.4,28.6
2025-12-15 22:34:35,0.2,41.4,28.6
2025-12-15 22:34:38,0.2,41.4,28.6
2025-12-15 22:34:41,0.2,41.4,28.6
2025-12-15 22:34:44,0.0,41.4,28.6
2025-12-15 22:34:47,0.0,41.4,28.6
2025-12-15 22:34:50,0.3,41.4,28.6
2025-12-15 22:34:53,0.0,41.4,28.6
2025-12-15 22:34:56,0.0,41.4,28.6
2025-12-15 22:34:59,0.5,41.4,28.6
2025-12-15 22:35:02,0.0,41.4,28.6
2025-12-15 22:35:05,0.0,41.4,28.6
2025-12-15 22:35:08,0.0,41.4,28.6
2025-12-15 22:35:11,0.0,41.4,28.6
2025-12-15 22:35:14,0.0,41.4,28.6
2025-12-15 22:35:17,0.0,41.4,28.6
2025-12-15 22:35:21,0.0,41.4,28.6
2025-12-15 22:35:24,0.0,41.4,28.6
2025-12-15 22:35:27,0.0,41.4,28.6
2025-12-15 22:35:30,0.0,41.4,28.6
2025-12-15 22:35:33,0.2,41.4,28.6
2025-12-15 22:35:36,0.0,41.4,28.6
2025-12-15 22:35:39,0.0,41.4,28.6
2025-12-15 22:35:42,0.0,41.4,28.6
2025-12-15 22:35:45,0.0,41.4,28.6
2025-12-15 22:35:48,0.2,41.4,28.6
2025-12-15 22:35:51,0.0,41.4,28.6
2025-12-15 22:35:54,0.0,41.4,28.6
2025-12-15 22:35:57,0.0,41.4,28.6
2025-12-15 22:36:00,0.0,41.4,28.6
2025-12-15 22:36:03,0.0,41.4,28.6
2025-12-15 22:36:06,0.0,41.4,28.6
2025-12-15 22:36:09,0.0,41.4,28.6
2025-12-15 22:36:12,0.0,41.4,28.6
2025-12-15 22:36:15,0.0,41.4,28.6
2025-12-15 22:36:18,0.0,41.4,28.6
2025-12-15 22:36:21,0.0,41.4,28.6
2025-12-15 22:36:24,0.0,41.4,28.6
2025-12-15 22:36:27,0.0,41.4,28.6
2025-12-15 22:36:30,0.0,41.4,28.6
2025-12-15 22:36:33,0.0,41.4,28.6
2025-12-15 22:36:36,0.0,41.4,28.6
2025-12-15 22:36:39,0.2,41.4,28.6
2025-12-15 22:36:42,0.2,41.4,28.6
2025-12-15 22:36:45,0.0,41.4,28.6
2025-12-15 22:36:48,0.0,41.4,28.6
2025-12-15 22:36:51,0.0,41.4,28.6
2025-12-15 22:36:54,0.2,41.4,28.6
2025-12-15 22:36:57,0.0,41.4,28.6
2025-12-15 22:37:00,0.0,41.4,28.6
2025-12-15 22:37:03,0.0,41.4,28.6
2025-12-15 22:37:06,0.0,41.4,28.6
2025-12-15 22:37:09,0.2,41.4,28.6
2025-12-15 22:37:13,0.0,41.4,28.6
2025-12-15 22:37:16,0.0,41.4,28.6
2025-12-15 22:37:19,0.0,41.4,28.6
2025-12-15 22:37:22,0.0,41.4,28.6
2025-12-15 22:37:25,0.0,41.4,28.6
2025-12-15 22:37:28,0.0,41.4,28.6
2025-12-15 22:37:31,0.0,41.4,28.6
2025-12-15 22:37:34,0.0,41.4,28.6
2025-12-15 22:37:37,0.0,41.4,28.6
2025-12-15 22:37:40,0.0,41.4,28.6
2025-12-15 22:37:43,0.0,41.4,28.6
2025-12-15 22:37:46,0.0,41.4,28.6
2025-12-15 22:37:49,0.0,41.4,28.6
2025-12-15 22:37:52,0.0,41.4,28.6
2025-12-15 22:37:55,0.0,41.4,28.6
2025-12-15 22:37:58,0.2,41.4,28.6
2025-12-15 22:38:01,0.0,41.4,28.6
2025-12-15 22:38:04,0.0,41.4,28.6
2025-12-15 22:38:07,0.0,41.4,28.6
2025-12-15 22:38:10,0.5,41.4,28.6
2025-12-15 22:38:13,0.0,41.4,28.6
2025-12-15 22:38:16,0.0,41.4,28.6
2025-12-15 22:38:19,0.0,41.4,28.6
2025-12-15 22:38:22,0.2,41.4,28.6
2025-12-15 22:38:25,0.0,41.4,28.6
2025-12-15 22:38:28,0.0,41.4,28.6
2025-12-15 22:38:31,0.0,41.4,28.6
2025-12-15 22:38:34,0.0,41.4,28.6
2025-12-15 22:38:37,0.5,41.4,28.6
2025-12-15 22:38:40,0.0,41.4,28.6
2025-12-15 22:38:43,0.0,41.4,28.6
2025-12-15 22:38:46,0.2,41.4,28.6
2025-12-15 22:38:49,0.2,41.4,28.6
2025-12-15 22:38:52,0.0,41.4,28.6
2025-12-15 22:38:55,0.0,41.4,28.6
2025-12-15 22:38:58,0.0,41.4,28.6
2025-12-15 22:39:01,0.2,41.4,28.6
2025-12-15 22:39:04,0.0,41.4,28.6
2025-12-15 22:39:08,0.0,41.4,28.6
2025-12-15 22:39:11,0.2,41.4,28.6
2025-12-15 22:39:14,0.0,41.4,28.6
2025-12-15 22:39:17,0.0,41.4,28.6
2025-12-15 22:39:20,0.0,41.4,28.6
2025-12-15 22:39:23,0.0,41.4,28.6
2025-12-15 22:39:26,0.2,41.4,28.6
2025-12-15 22:39:29,0.0,41.4,28.6
2025-12-15 22:39:32,0.2,41.4,28.6
2025-12-15 22:39:35,0.0,41.4,28.6
2025-12-15 22:39:38,0.0,41.4,28.6
2025-12-15 22:39:41,0.0,41.4,28.6
2025-12-15 22:39:44,0.0,41.4,28.6
2025-12-15 22:39:47,0.2,41.4,28.6
2025-12-15 22:39:50,0.0,41.4,28.6
2025-12-15 22:39:53,0.0,41.4,28.6
2025-12-15 22:39:56,0.2,41.4,28.6
2025-12-15 22:39:59,0.5,41.4,28.6
2025-12-15 22:40:02,0.0,41.4,28.6
2025-12-15 22:40:05,0.0,41.4,28.6
2025-12-15 22:40:08,0.0,41.4,28.6
2025-12-15 22:40:11,0.2,41.4,28.6
2025-12-15 22:40:14,0.0,41.4,28.6
2025-12-15 22:40:17,0.0,41.4,28.6
2025-12-15 22:40:20,0.2,41.4,28.6
2025-12-15 22:40:23,0.0,41.4,28.6
2025-12-15 22:40:26,0.0,41.4,28.6
2025-12-15 22:40:29,0.0,41.4,28.6
2025-12-15 22:40:32,0.0,41.4,28.6
2025-12-15 22:40:35,0.2,41.4,28.6
2025-12-15 22:40:38,0.0,41.4,28.6
2025-12-15 22:40:41,0.0,41.4,28.6
2025-12-15 22:40:44,0.0,41.4,28.6
2025-12-15 22:40:47,0.0,41.4,28.6
2025-12-15 22:40:50,0.0,41.4,28.6
2025-12-15 22:40:53,0.0,41.4,28.6
2025-12-15 22:40:56,0.0,41.4,28.6
2025-12-15 22:40:59,0.2,41.4,28.6
2025-12-15 22:41:02,0.0,41.4,28.6
2025-12-15 22:41:06,0.0,41.4,28.6
2025-12-15 22:41:09,0.0,41.4,28.6
2025-12-15 22:41:12,0.0,41.4,28.6
2025-12-15 22:41:15,0.0,41.4,28.6
2025-12-15 22:41:18,0.0,41.4,28.6
2025-12-15 22:41:21,0.0,41.4,28.6
2025-12-15 22:41:24,0.0,41.4,28.6
2025-12-15 22:41:27,0.0,41.4,28.6
2025-12-15 22:41:30,0.3,41.4,28.6
2025-12-15 22:41:33,0.2,41.4,28.6
2025-12-15 22:41:36,0.0,41.4,28.6
2025-12-15 22:41:39,0.2,41.4,28.6
2025-12-15 22:41:42,0.0,41.4,28.6
2025-12-15 22:41:45,0.2,41.4,28.6
2025-12-15 22:41:48,0.0,41.4,28.6
2025-12-15 22:41:51,0.0,41.4,28.6
2025-12-15 22:41:54,0.0,41.4,28.6
2025-12-15 22:41:57,0.2,41.4,28.6
2025-12-15 22:42:00,0.0,41.4,28.6
2025-12-15 22:42:03,0.0,41.4,28.6
2025-12-15 22:42:06,0.0,41.4,28.6
2025-12-15 22:42:09,0.0,41.4,28.6
2025-12-15 22:42:12,0.0,41.4,28.6
2025-12-15 22:42:15,0.0,41.4,28.6
2025-12-15 22:42:18,0.0,41.4,28.6
2025-12-15 22:42:21,0.3,41.4,28.6
2025-12-15 22:42:24,0.0,41.4,28.6
2025-12-15 22:42:27,0.0,41.4,28.6
2025-12-15 22:42:30,0.2,41.4,28.6
2025-12-15 22:42:33,0.0,41.4,28.6
2025-12-15 22:42:36,0.2,41.4,28.6
2025-12-15 22:42:39,0.0,41.4,28.6
2025-12-15 22:42:42,0.0,41.4,28.6
2025-12-15 22:42:45,0.0,41.4,28.6
2025-12-15 22:42:48,0.2,41.4,28.6
2025-12-15 22:42:51,0.0,41.4,28.6
2025-12-15 22:42:54,0.0,41.4,28.6
2025-12-15 22:42:58,0.0,41.4,28.6
2025-12-15 22:43:01,0.0,41.4,28.6
2025-12-15 22:43:04,0.0,41.4,28.6
2025-12-15 22:43:07,0.5,41.4,28.6
2025-12-15 22:43:10,0.5,41.4,28.6
2025-12-15 22:43:13,0.0,41.4,28.6
2025-12-15 22:43:16,0.2,41.4,28.6
2025-12-15 22:43:19,0.3,41.4,28.6
2025-12-15 22:43:22,0.0,41.4,28.6
2025-12-15 22:43:25,0.0,41.4,28.6
2025-12-15 22:43:28,0.0,41.4,28.6
2025-12-15 22:43:31,0.0,41.4,28.6
2025-12-15 22:43:34,0.0,41.4,28.6
2025-12-15 22:43:37,0.2,41.4,28.6
2025-12-15 22:43:40,0.0,41.4,28.6
2025-12-15 22:43:43,0.0,41.4,28.6
2025-12-15 22:43:46,0.2,41.4,28.6
2025-12-15 22:43:49,0.0,41.4,28.6
2025-12-15 22:43:52,0.2,41.4,28.6
2025-12-15 22:43:55,0.0,41.4,28.6
2025-12-15 22:43:58,0.2,41.4,28.6
2025-12-15 22:44:01,0.0,41.4,28.6
2025-12-15 22:44:04,0.2,41.4,28.6
2025-12-15 22:44:07,0.0,41.4,28.6
2025-12-15 22:44:10,0.0,41.4,28.6
2025-12-15 22:44:13,0.2,41.4,28.6
2025-12-15 22:44:16,0.0,41.4,28.6
2025-12-15 22:44:19,0.2,41.4,28.6
2025-12-15 22:44:22,0.0,41.4,28.6
2025-12-15 22:44:25,0.0,41.4,28.6
2025-12-15 22:44:28,0.2,41.4,28.6
2025-12-15 22:44:31,0.2,41.4,28.6
2025-12-15 22:44:34,0.0,41.4,28.6
2025-12-15 22:44:37,0.2,41.4,28.6
2025-12-15 22:44:40,0.0,41.4,28.6
2025-12-15 22:44:43,0.2,41.4,28.6
2025-12-15 22:44:46,0.0,41.4,28.6
2025-12-15 22:44:49,0.2,41.4,28.6
2025-12-15 22:44:52,0.0,41.4,28.6
2025-12-15 22:44:56,0.0,41.4,28.6
2025-12-15 22:44:59,0.2,41.4,28.6
2025-12-15 22:45:02,0.2,41.4,28.6
2025-12-15 22:45:05,0.2,41.4,28.6
2025-12-15 22:45:08,0.0,41.4,28.6
2025-12-15 22:45:11,0.2,41.4,28.6
2025-12-15 22:45:14,0.0,41.4,28.6
2025-12-15 22:45:17,0.0,41.4,28.6
2025-12-15 22:45:20,0.0,41.4,28.6
2025-12-15 22:45:23,0.0,41.4,28.6
2025-12-15 22:45:26,0.0,41.4,28.6
2025-12-15 22:45:29,0.0,41.4,28.6
2025-12-15 22:45:32,0.2,41.4,28.6
2025-12-15 22:45:35,0.2,41.4,28.6
2025-12-15 22:45:38,0.0,41.4,28.6
2025-12-15 22:45:41,0.0,41.4,28.6
2025-12-15 22:45:44,0.0,41.4,28.6
2025-12-15 22:45:47,0.0,41.4,28.6
2025-12-15 22:45:50,0.0,41.4,28.6
2025-12-15 22:45:53,0.0,41.4,28.6
2025-12-15 22:45:56,0.0,41.4,28.6
2025-12-15 22:45:59,0.2,41.4,28.6
2025-12-15 22:46:02,0.0,41.4,28.6
2025-12-15 22:46:05,0.0,41.4,28.6
2025-12-15 22:46:08,0.0,41.4,28.6
2025-12-15 22:46:11,0.2,41.4,28.6
2025-12-15 22:46:14,0.0,41.4,28.6
2025-12-15 22:46:17,0.2,41.4,28.6
2025-12-15 22:46:20,0.2,41.4,28.6
2025-12-15 22:46:23,0.0,41.4,28.6
2025-12-15 22:46:26,0.0,41.4,28.6
2025-12-15 22:46:29,0.0,41.4,28.6
2025-12-15 22:46:32,0.0,41.4,28.6
2025-12-15 22:46:35,0.0,41.4,28.6
2025-12-15 22:46:38,0.0,41.4,28.6
2025-12-15 22:46:41,0.0,41.4,28.6
2025-12-15 22:46:44,0.0,41.4,28.6
2025-12-15 22:46:47,0.0,41.4,28.6
2025-12-15 22:46:50,0.0,41.4,28.6
2025-12-15 22:46:54,0.0,41.4,28.6
2025-12-15 22:46:57,0.5,41.4,28.6
2025-12-15 22:47:00,0.0,41.4,28.6
2025-12-15 22:47:03,0.2,41.4,28.6
2025-12-15 22:47:06,0.0,41.4,28.6
2025-12-15 22:47:09,0.2,41.4,28.6
2025-12-15 22:47:12,0.0,41.4,28.6
2025-12-15 22:47:15,0.0,41.4,28.6
2025-12-15 22:47:18,0.0,41.4,28.6
2025-12-15 22:47:21,0.0,41.4,28.6
2025-12-15 22:47:24,0.0,41.4,28.6
2025-12-15 22:47:27,0.2,41.4,28.6
2025-12-15 22:47:30,0.0,41.4,28.6
2025-12-15 22:47:33,0.2,41.4,28.6
2025-12-15 22:47:36,0.0,41.4,28.6
2025-12-15 22:47:39,0.0,41.4,28.6
2025-12-15 22:47:42,0.0,41.4,28.6
2025-12-15 22:47:45,0.0,41.4,28.6
2025-12-15 22:47:48,0.3,41.4,28.6
2025-12-15 22:47:51,0.0,41.4,28.6
2025-12-15 22:47:54,0.0,41.4,28.6
2025-12-15 22:47:57,0.2,41.4,28.6
2025-12-15 22:48:00,0.0,41.4,28.6
2025-12-15 22:48:03,0.0,41.4,28.6
2025-12-15 22:48:06,0.0,41.4,28.6
2025-12-15 22:48:09,0.5,41.4,28.6
2025-12-15 22:48:12,0.0,41.4,28.6
2025-12-15 22:48:15,0.0,41.4,28.6
2025-12-15 22:48:18,0.0,41.4,28.6
2025-12-15 22:48:21,0.0,41.4,28.6
2025-12-15 22:48:24,0.0,41.4,28.6
2025-12-15 22:48:27,0.0,41.4,28.6
2025-12-15 22:48:30,0.0,41.4,28.6
2025-12-15 22:48:33,0.0,41.4,28.6
2025-12-15 22:48:36,0.0,41.4,28.6
2025-12-15 22:48:39,0.2,41.4,28.6
2025-12-15 22:48:43,0.0,41.4,28.6
2025-12-15 22:48:46,0.0,41.4,28.6
2025-12-15 22:48:49,0.0,41.4,28.6
2025-12-15 22:48:52,0.0,41.4,28.6
2025-12-15 22:48:55,0.5,41.4,28.6
2025-12-15 22:48:58,0.0,41.4,28.6
2025-12-15 22:49:01,0.0,41.4,28.6
2025-12-15 22:49:04,0.3,41.4,28.6
2025-12-15 22:49:07,0.0,41.4,28.6
2025-12-15 22:49:10,1.2,41.4,28.6
2025-12-15 22:49:13,0.0,41.4,28.6
2025-12-15 22:49:16,0.0,41.4,28.6
2025-12-15 22:49:19,0.2,41.4,28.6
2025-12-15 22:49:22,0.0,41.4,28.6
2025-12-15 22:49:25,0.0,41.4,28.6
2025-12-15 22:49:28,0.0,41.4,28.6
2025-12-15 22:49:31,0.0,41.4,28.6
2025-12-15 22:49:34,0.5,41.4,28.6
2025-12-15 22:49:37,0.0,41.4,28.6
2025-12-15 22:49:40,0.2,41.4,28.6
2025-12-15 22:49:43,0.0,41.4,28.6
2025-12-15 22:49:46,0.0,41.4,28.6
2025-12-15 22:49:49,0.2,41.4,28.6
2025-12-15 22:49:52,0.0,41.4,28.6
2025-12-15 22:49:55,0.0,41.4,28.6
2025-12-15 22:49:58,0.0,41.4,28.6
2025-12-15 22:50:01,0.0,41.4,28.6
2025-12-15 22:50:04,0.0,41.4,28.6
2025-12-15 22:50:07,0.0,41.4,28.6
2025-12-15 22:50:10,0.0,41.4,28.6
2025-12-15 22:50:13,0.0,41.4,28.6
2025-12-15 22:50:16,0.0,41.4,28.6
2025-12-15 22:50:19,0.2,41.4,28.6
2025-12-15 22:50:22,0.0,41.4,28.6
2025-12-15 22:50:25,0.0,41.4,28.6
2025-12-15 22:50:28,0.5,41.4,28.6
2025-12-15 22:50:31,0.2,41.4,28.6
2025-12-15 22:50:34,0.2,41.4,28.6
2025-12-15 22:50:37,0.0,41.4,28.6
2025-12-15 22:50:40,1.8,41.4,28.6
2025-12-15 22:50:44,1.0,41.4,28.6
2025-12-15 22:50:47,22.3,42.0,28.6
2025-12-15 22:50:50,1.5,42.0,28.6
2025-12-15 22:50:53,0.5,42.0,28.6
2025-12-15 22:50:56,1.0,42.0,28.6
2025-12-15 22:50:59,1.3,42.0,28.6
2025-12-15 22:51:02,1.0,42.0,28.6
2025-12-15 22:51:05,0.3,42.0,28.6
2025-12-15 22:51:08,0.8,42.0,28.6
2025-12-15 22:51:11,0.5,42.0,28.6
2025-12-15 22:51:14,0.5,42.1,28.6
2025-12-15 22:51:17,0.3,42.1,28.6
2025-12-15 22:51:20,0.0,42.1,28.6
2025-12-15 22:51:23,0.7,42.1,28.6
2025-12-15 22:51:26,0.0,42.1,28.6
2025-12-15 22:51:29,0.5,42.1,28.6
2025-12-15 22:51:32,0.0,42.1,28.6
2025-12-15 22:51:35,0.0,42.1,28.6
2025-12-15 22:51:38,0.0,42.1,28.6
2025-12-15 22:51:41,0.0,42.1,28.6
2025-12-15 22:51:44,0.3,42.1,28.6
2025-12-15 22:51:47,0.2,42.1,28.6
2025-12-15 22:51:50,0.0,42.1,28.6
2025-12-15 22:51:53,0.0,42.1,28.6
2025-12-15 22:51:56,0.0,42.1,28.6
2025-12-15 22:51:59,0.2,42.1,28.6
2025-12-15 22:52:02,0.0,42.1,28.6
2025-12-15 22:52:05,0.0,42.1,28.6
2025-12-15 22:52:08,0.0,42.1,28.6
2025-12-15 22:52:11,0.0,42.1,28.6
2025-12-15 22:52:14,0.0,42.1,28.6
2025-12-15 22:52:17,0.0,42.1,28.6
2025-12-15 22:52:20,0.0,42.1,28.6
2025-12-15 22:52:23,0.0,42.1,28.6
2025-12-15 22:52:26,0.0,42.1,28.6
2025-12-15 22:52:29,0.0,42.1,28.6
2025-12-15 22:52:32,0.0,42.1,28.6
2025-12-15 22:52:35,0.5,42.1,28.6
2025-12-15 22:52:38,0.0,42.1,28.6
2025-12-15 22:52:42,0.0,42.1,28.6
2025-12-15 22:52:45,0.0,42.1,28.6
2025-12-15 22:52:48,0.2,42.1,28.6
2025-12-15 22:52:51,0.0,42.1,28.6
2025-12-15 22:52:54,0.0,42.1,28.6
2025-12-15 22:52:57,0.2,42.1,28.6
2025-12-15 22:53:00,0.0,42.1,28.6
2025-12-15 22:53:03,0.2,42.1,28.6
2025-12-15 22:53:06,0.0,42.1,28.6
2025-12-15 22:53:09,0.0,42.1,28.6
2025-12-15 22:53:12,0.0,42.1,28.6
2025-12-15 22:53:15,0.2,42.1,28.6
2025-12-15 22:53:18,0.2,42.1,28.6
2025-12-15 22:53:21,0.0,42.1,28.6
2025-12-15 22:53:24,0.0,42.1,28.6
2025-12-15 22:53:27,0.0,42.1,28.6
2025-12-15 22:53:30,0.0,42.1,28.6
2025-12-15 22:53:33,0.0,42.1,28.6
2025-12-15 22:53:36,0.5,42.1,28.6
2025-12-15 22:53:39,0.0,42.1,28.6
2025-12-15 22:53:42,0.2,42.1,28.6
2025-12-15 22:53:45,0.0,42.1,28.6
2025-12-15 22:53:48,0.2,42.1,28.6
2025-12-15 22:53:51,0.2,42.1,28.6
2025-12-15 22:53:54,0.0,42.1,28.6
2025-12-15 22:53:57,0.0,42.1,28.6
2025-12-15 22:54:00,0.0,42.1,28.6
2025-12-15 22:54:03,0.0,42.1,28.6
2025-12-15 22:54:06,0.0,42.1,28.6
2025-12-15 22:54:09,0.2,42.1,28.6
2025-12-15 22:54:12,0.0,42.1,28.6
2025-12-15 22:54:15,0.2,42.1,28.6
2025-12-15 22:54:18,0.2,42.1,28.6
2025-12-15 22:54:21,0.0,42.1,28.6
2025-12-15 22:54:24,0.2,42.1,28.6
2025-12-15 22:54:27,0.0,42.1,28.6
2025-12-15 22:54:30,0.2,42.1,28.6
2025-12-15 22:54:33,0.0,42.1,28.6
2025-12-15 22:54:37,0.0,42.1,28.6
2025-12-15 22:54:40,0.0,42.1,28.6
2025-12-15 22:54:43,0.0,42.1,28.6
2025-12-15 22:54:46,0.2,42.1,28.6
2025-12-15 22:54:49,0.0,42.1,28.6
2025-12-15 22:54:52,0.0,42.1,28.6
2025-12-15 22:54:55,0.0,42.1,28.6
2025-12-15 22:54:58,0.0,42.1,28.6
2025-12-15 22:55:01,1.0,42.0,28.6
2025-12-15 22:55:04,0.0,42.0,28.6
2025-12-15 22:55:07,0.2,42.0,28.6
2025-12-15 22:55:10,0.2,42.0,28.6
2025-12-15 22:55:13,0.0,42.0,28.6
2025-12-15 22:55:16,0.0,42.0,28.6
2025-12-15 22:55:19,0.3,42.0,28.6
2025-12-15 22:55:22,0.3,42.0,28.6
2025-12-15 22:55:25,0.0,42.0,28.6
2025-12-15 22:55:28,0.0,42.0,28.6
2025-12-15 22:55:31,0.0,42.0,28.6
2025-12-15 22:55:34,0.0,42.0,28.6
2025-12-15 22:55:37,0.0,42.0,28.6
2025-12-15 22:55:40,0.0,42.1,28.6
2025-12-15 22:55:43,0.0,42.1,28.6
2025-12-15 22:55:46,0.0,42.1,28.6
2025-12-15 22:55:49,0.3,42.1,28.6
2025-12-15 22:55:52,0.0,42.1,28.6
2025-12-15 22:55:55,0.0,42.1,28.6
2025-12-15 22:55:58,0.0,42.1,28.6
2025-12-15 22:56:01,0.0,42.1,28.6
2025-12-15 22:56:04,0.0,42.1,28.6
2025-12-15 22:56:07,1.5,42.1,28.6
2025-12-15 22:56:10,1.5,42.1,28.6
2025-12-15 22:56:13,7.7,42.1,28.6
2025-12-15 22:56:16,0.0,42.1,28.6
2025-12-15 22:56:19,0.7,42.1,28.6
2025-12-15 22:56:22,0.0,42.1,28.6
2025-12-15 22:56:25,0.0,42.1,28.6
2025-12-15 22:56:28,0.0,42.1,28.6
2025-12-15 22:56:31,0.0,42.1,28.6
2025-12-15 22:56:35,0.7,42.1,28.6
2025-12-15 22:56:38,49.7,42.3,28.6
2025-12-15 22:56:41,0.0,42.2,28.6
2025-12-15 22:56:44,1.5,42.2,28.6
2025-12-15 22:56:47,1.0,42.2,28.6
2025-12-15 22:56:50,2.8,42.2,28.6
2025-12-15 22:56:53,0.5,42.2,28.6
2025-12-15 22:56:56,0.5,42.2,28.6
2025-12-15 22:56:59,0.5,42.2,28.6
2025-12-15 22:57:02,0.0,42.2,28.6
2025-12-15 22:57:05,0.7,42.2,28.6
2025-12-15 22:57:08,0.7,42.2,28.6
2025-12-15 22:57:11,0.0,42.2,28.6
2025-12-15 22:57:14,0.7,42.2,28.6
2025-12-15 22:57:17,7.9,42.2,28.6
2025-12-15 22:57:20,8.3,42.2,28.6
2025-12-15 22:57:23,7.4,42.2,28.6
2025-12-15 22:57:26,8.2,42.2,28.6
2025-12-15 22:57:29,7.3,42.2,28.6
2025-12-15 22:57:32,7.1,42.2,28.6
2025-12-15 22:57:35,7.9,42.2,28.6
2025-12-15 22:57:38,7.0,42.2,28.6
2025-12-15 22:57:41,8.1,42.2,28.6
2025-12-15 22:57:44,6.1,42.2,28.6
2025-12-15 22:57:47,7.3,42.2,28.6
2025-12-15 22:57:50,6.8,42.2,28.6
2025-12-15 22:57:53,5.6,42.2,28.6
2025-12-15 22:57:56,5.2,42.2,28.6
2025-12-15 22:57:59,6.2,42.2,28.6
2025-12-15 22:58:02,6.2,42.2,28.6
2025-12-15 22:58:05,5.1,42.2,28.6
2025-12-15 22:58:08,6.4,42.2,28.6
2025-12-15 22:58:11,6.4,42.2,28.6
2025-12-15 22:58:14,5.6,42.2,28.6
2025-12-15 22:58:17,5.4,42.2,28.6
2025-12-15 22:58:20,5.7,42.2,28.6
2025-12-15 22:58:24,0.2,42.2,28.6
2025-12-15 22:58:27,0.2,42.2,28.6
2025-12-15 22:58:30,0.2,42.2,28.6
2025-12-15 22:58:33,0.0,42.2,28.6
2025-12-15 22:58:36,0.3,42.2,28.6
2025-12-15 22:58:39,0.2,42.2,28.6
2025-12-15 22:58:42,0.0,42.2,28.6
2025-12-15 22:58:45,0.2,42.2,28.6
2025-12-15 22:58:48,0.0,42.2,28.6
2025-12-15 22:58:51,0.0,42.2,28.6
2025-12-15 22:58:54,0.0,42.2,28.6
2025-12-15 22:58:57,0.0,42.2,28.6
2025-12-15 22:59:00,0.0,42.2,28.6
2025-12-15 22:59:03,0.2,42.2,28.6
2025-12-15 22:59:06,0.0,42.2,28.6
2025-12-15 22:59:09,0.0,42.2,28.6
2025-12-15 22:59:12,0.0,42.2,28.6
2025-12-15 22:59:15,0.2,42.2,28.6
2025-12-15 22:59:18,0.0,42.2,28.6
2025-12-15 22:59:21,0.0,42.2,28.6
2025-12-15 22:59:24,0.2,42.2,28.6
2025-12-15 22:59:27,0.2,42.2,28.6
2025-12-15 22:59:30,0.2,42.2,28.6
2025-12-15 22:59:33,0.0,42.2,28.6
2025-12-15 22:59:36,0.0,42.2,28.6
2025-12-15 22:59:39,0.2,42.2,28.6
2025-12-15 22:59:42,0.0,42.2,28.6
2025-12-15 22:59:45,0.0,42.2,28.6
2025-12-15 22:59:48,0.0,42.2,28.6
2025-12-15 22:59:51,0.0,42.2,28.6
2025-12-15 22:59:54,0.2,42.2,28.6
2025-12-15 22:59:57,0.0,42.2,28.6
2025-12-15 23:00:00,0.3,42.2,28.6
2025-12-15 23:00:03,0.0,42.2,28.6
2025-12-15 23:00:06,0.2,42.2,28.6
2025-12-15 23:00:09,0.2,42.2,28.6
2025-12-15 23:00:13,0.0,42.2,28.6
2025-12-15 23:00:16,0.0,42.2,28.6
2025-12-15 23:00:19,0.0,42.2,28.6
2025-12-15 23:00:22,0.0,42.2,28.6
2025-12-15 23:00:25,0.0,42.2,28.6
2025-12-15 23:00:28,0.2,42.2,28.6
2025-12-15 23:00:31,0.0,42.2,28.6
2025-12-15 23:00:34,0.0,42.2,28.6
2025-12-15 23:00:37,0.0,42.2,28.6
2025-12-15 23:00:40,0.5,42.2,28.6
2025-12-15 23:00:43,0.0,42.2,28.6
2025-12-15 23:00:46,0.2,42.2,28.6
2025-12-15 23:00:49,0.0,42.2,28.6
2025-12-15 23:00:52,0.0,42.2,28.6
2025-12-15 23:00:55,0.0,42.2,28.6
2025-12-15 23:00:58,0.2,42.2,28.6
2025-12-15 23:01:01,0.0,42.2,28.6
2025-12-15 23:01:04,0.5,42.2,28.6
2025-12-15 23:01:07,0.0,42.2,28.6
2025-12-15 23:01:10,0.0,42.2,28.6
2025-12-15 23:01:13,0.0,42.2,28.6
2025-12-15 23:01:16,0.0,42.2,28.6
2025-12-15 23:01:19,0.0,42.2,28.6
2025-12-15 23:01:22,0.2,42.2,28.6
2025-12-15 23:01:25,0.0,42.2,28.6
2025-12-15 23:01:28,0.2,42.2,28.6
2025-12-15 23:01:31,0.0,42.2,28.6
2025-12-15 23:01:34,0.0,42.2,28.6
2025-12-15 23:01:37,0.2,42.2,28.6
2025-12-15 23:01:40,0.2,42.2,28.6
2025-12-15 23:01:43,0.0,42.2,28.6
2025-12-15 23:01:46,0.0,42.2,28.6
2025-12-15 23:01:49,0.0,42.2,28.6
2025-12-15 23:01:52,0.0,42.2,28.6
2025-12-15 23:01:55,0.0,42.2,28.6
2025-12-15 23:01:59,0.2,42.2,28.6
2025-12-15 23:02:02,0.0,42.2,28.6
2025-12-15 23:02:05,0.0,42.2,28.6
2025-12-15 23:02:08,0.0,42.2,28.6
2025-12-15 23:02:11,0.2,42.2,28.6
2025-12-15 23:02:14,0.0,42.2,28.6
2025-12-15 23:02:17,0.2,42.2,28.6
2025-12-15 23:02:20,0.0,42.2,28.6
2025-12-15 23:02:23,0.0,42.2,28.6
2025-12-15 23:02:26,0.0,42.2,28.6
2025-12-15 23:02:29,0.0,42.2,28.6
2025-12-15 23:02:32,0.0,42.2,28.6
2025-12-15 23:02:35,0.0,42.2,28.6
2025-12-15 23:02:38,0.5,42.2,28.6
2025-12-15 23:02:41,0.0,42.2,28.6
2025-12-15 23:02:44,0.0,42.2,28.6
2025-12-15 23:02:47,0.0,42.2,28.6
2025-12-15 23:02:50,0.0,42.2,28.6
2025-12-15 23:02:53,0.0,42.2,28.6
2025-12-15 23:02:56,0.0,42.2,28.6
2025-12-15 23:02:59,0.0,42.2,28.6
2025-12-15 23:03:02,0.0,42.2,28.6
2025-12-15 23:03:05,0.0,42.2,28.6
2025-12-15 23:03:08,0.0,42.2,28.6
2025-12-15 23:03:11,0.0,42.2,28.6
2025-12-15 23:03:14,0.0,42.2,28.6
2025-12-15 23:03:17,0.0,42.2,28.6
2025-12-15 23:03:20,0.0,42.2,28.6
2025-12-15 23:03:23,0.0,42.2,28.6
2025-12-15 23:03:26,0.0,42.2,28.6
2025-12-15 23:03:29,0.0,42.2,28.6
2025-12-15 23:03:32,0.0,42.2,28.6
2025-12-15 23:03:35,0.2,42.2,28.6
2025-12-15 23:03:38,0.2,42.2,28.6
2025-12-15 23:03:41,0.2,42.2,28.6
2025-12-15 23:03:44,0.2,42.2,28.6
2025-12-15 23:03:48,0.0,42.2,28.6
2025-12-15 23:03:51,0.0,42.2,28.6
2025-12-15 23:03:54,0.0,42.2,28.6
2025-12-15 23:03:57,0.0,42.2,28.6
2025-12-15 23:04:00,0.2,42.2,28.6
2025-12-15 23:04:03,0.0,42.2,28.6
2025-12-15 23:04:06,0.0,42.2,28.6
2025-12-15 23:04:09,0.0,42.2,28.6
2025-12-15 23:04:12,0.0,42.2,28.6
2025-12-15 23:04:15,0.0,42.2,28.6
2025-12-15 23:04:18,0.2,42.2,28.6
2025-12-15 23:04:21,0.0,42.2,28.6
2025-12-15 23:04:24,0.0,42.2,28.6
2025-12-15 23:04:27,0.0,42.2,28.6
2025-12-15 23:04:30,0.0,42.2,28.6
2025-12-15 23:04:33,0.0,42.2,28.6
2025-12-15 23:04:36,0.0,42.2,28.6
2025-12-15 23:04:39,0.2,42.2,28.6
2025-12-15 23:04:42,0.0,42.2,28.6
2025-12-15 23:04:45,0.0,42.2,28.6
2025-12-15 23:04:48,0.0,42.2,28.6
2025-12-15 23:04:51,0.2,42.2,28.6
2025-12-15 23:04:54,0.2,42.2,28.6
2025-12-15 23:04:57,0.0,42.2,28.6
2025-12-15 23:05:00,0.0,42.2,28.6
2025-12-15 23:05:03,0.0,42.1,28.6
2025-12-15 23:05:06,0.2,42.1,28.6
2025-12-15 23:05:09,0.5,42.1,28.6
2025-12-15 23:05:12,0.0,42.1,28.6
2025-12-15 23:05:15,0.0,42.1,28.6
2025-12-15 23:05:18,0.0,42.1,28.6
2025-12-15 23:05:21,0.5,42.1,28.6
2025-12-15 23:05:24,0.0,42.1,28.6
2025-12-15 23:05:27,0.0,42.1,28.6
2025-12-15 23:05:31,0.0,42.1,28.6
2025-12-15 23:05:34,0.0,42.1,28.6
2025-12-15 23:05:37,0.2,42.1,28.6
2025-12-15 23:05:40,0.2,42.1,28.6
2025-12-15 23:05:43,0.0,42.1,28.6
2025-12-15 23:05:46,0.2,42.1,28.6
2025-12-15 23:05:49,0.0,42.1,28.6
2025-12-15 23:05:52,0.0,42.1,28.6
2025-12-15 23:05:55,0.0,42.1,28.6
2025-12-15 23:05:58,0.0,42.1,28.6
2025-12-15 23:06:01,0.0,42.1,28.6
2025-12-15 23:06:04,0.0,42.1,28.6
2025-12-15 23:06:07,0.2,42.1,28.6
2025-12-15 23:06:10,0.2,42.1,28.6
2025-12-15 23:06:13,0.0,42.1,28.6
2025-12-15 23:06:16,0.0,42.1,28.6
2025-12-15 23:06:19,0.0,42.1,28.6
2025-12-15 23:06:22,0.0,42.1,28.6
2025-12-15 23:06:25,0.0,42.1,28.6
2025-12-15 23:06:28,0.0,42.1,28.6
2025-12-15 23:06:31,0.0,42.1,28.6
2025-12-15 23:06:34,0.2,42.1,28.6
2025-12-15 23:06:37,0.0,42.1,28.6
2025-12-15 23:06:40,0.0,42.1,28.6
2025-12-15 23:06:43,0.0,42.1,28.6
2025-12-15 23:06:46,0.0,42.1,28.6
2025-12-15 23:06:49,0.2,42.1,28.6
2025-12-15 23:06:52,0.0,42.1,28.6
2025-12-15 23:06:55,0.0,42.1,28.6
2025-12-15 23:06:58,0.2,42.1,28.6
2025-12-15 23:07:01,0.0,42.1,28.6
2025-12-15 23:07:04,0.0,42.1,28.6
2025-12-15 23:07:07,0.0,42.1,28.6
2025-12-15 23:07:10,0.0,42.1,28.6
2025-12-15 23:07:13,0.0,42.1,28.6
2025-12-15 23:07:16,0.0,42.1,28.6
2025-12-15 23:07:19,0.0,42.1,28.6
2025-12-15 23:07:22,0.2,42.1,28.6
2025-12-15 23:07:25,0.0,42.1,28.6
2025-12-15 23:07:28,0.2,42.1,28.6
2025-12-15 23:07:31,0.2,42.1,28.6
2025-12-15 23:07:34,0.0,42.1,28.6
2025-12-15 23:07:38,0.0,42.1,28.6
2025-12-15 23:07:41,0.0,42.1,28.6
2025-12-15 23:07:44,0.0,42.1,28.6
2025-12-15 23:07:47,0.0,42.1,28.6
2025-12-15 23:07:50,0.0,42.1,28.6
2025-12-15 23:07:53,0.0,42.1,28.6
2025-12-15 23:07:56,0.2,42.1,28.6
2025-12-15 23:07:59,0.0,42.1,28.6
2025-12-15 23:08:02,0.0,42.1,28.6
2025-12-15 23:08:05,0.0,42.1,28.6
2025-12-15 23:08:08,0.0,42.1,28.6
2025-12-15 23:08:11,0.0,42.1,28.6
2025-12-15 23:08:14,0.0,42.1,28.6
2025-12-15 23:08:17,0.0,42.1,28.6
2025-12-15 23:08:20,0.2,42.1,28.6
2025-12-15 23:08:23,0.0,42.1,28.6
2025-12-15 23:08:26,5.3,42.1,28.6
2025-12-15 23:08:29,4.3,42.1,28.6
2025-12-15 23:08:32,5.8,42.1,28.6
2025-12-15 23:08:35,0.7,42.1,28.6
2025-12-15 23:08:38,0.3,42.1,28.6
2025-12-15 23:08:41,0.0,42.1,28.6
2025-12-15 23:08:44,8.1,42.1,28.6
2025-12-15 23:08:47,22.5,42.2,28.6
2025-12-15 23:08:50,1.5,42.3,28.6
2025-12-15 23:08:53,0.5,42.3,28.6
2025-12-15 23:08:56,1.0,42.3,28.6
2025-12-15 23:08:59,0.5,42.3,28.6
2025-12-15 23:09:02,0.7,42.3,28.6
2025-12-15 23:09:05,1.5,42.3,28.6
2025-12-15 23:09:08,4.6,42.3,28.6
2025-12-15 23:09:11,0.7,42.3,28.6
2025-12-15 23:09:14,1.2,42.3,28.6
2025-12-15 23:09:17,0.8,42.3,28.6
2025-12-15 23:09:20,1.8,42.3,28.6
2025-12-15 23:09:23,0.5,42.3,28.6
2025-12-15 23:09:26,2.8,42.3,28.6
2025-12-15 23:09:30,1.2,42.3,28.6
2025-12-15 23:09:33,0.5,42.3,28.6
2025-12-15 23:09:36,0.7,42.3,28.6
2025-12-15 23:09:39,0.2,42.3,28.6
2025-12-15 23:09:42,1.3,42.3,28.6
2025-12-15 23:09:45,1.7,42.3,28.6
2025-12-15 23:09:48,1.5,42.3,28.6
2025-12-15 23:09:51,1.5,42.3,28.6
2025-12-15 23:09:54,1.0,42.3,28.6
2025-12-15 23:09:57,0.2,42.3,28.6
2025-12-15 23:10:00,1.3,42.3,28.6
2025-12-15 23:10:03,0.5,42.3,28.6
2025-12-15 23:10:06,0.7,42.3,28.6
2025-12-15 23:10:09,1.3,42.3,28.6
2025-12-15 23:10:12,1.0,42.3,28.6
2025-12-15 23:14:29,1.0,42.6,28.6
2025-12-15 23:14:32,0.5,42.6,28.6
2025-12-15 23:14:35,0.3,42.6,28.6
2025-12-15 23:14:38,1.3,42.6,28.6
2025-12-15 23:14:41,0.3,42.6,28.6
2025-12-15 23:14:44,0.5,42.6,28.6
2025-12-15 23:14:47,0.0,42.6,28.6
2025-12-15 23:14:50,0.3,42.6,28.6
2025-12-15 23:14:53,23.9,43.2,28.6
2025-12-15 23:14:56,52.7,48.8,28.6
2025-12-15 23:14:59,30.4,54.1,28.6
2025-12-15 23:15:02,0.0,42.5,28.7
2025-12-15 23:15:05,0.2,42.5,28.7
2025-12-15 23:15:08,0.2,42.5,28.7
2025-12-15 23:15:11,0.5,42.5,28.7
2025-12-15 23:15:14,0.2,42.5,28.7
2025-12-15 23:15:17,0.0,42.5,28.7
2025-12-15 23:15:20,0.0,42.5,28.7
2025-12-15 23:15:23,0.5,42.5,28.7
2025-12-15 23:15:26,0.5,42.5,28.7
2025-12-15 23:15:29,0.2,42.5,28.7
2025-12-15 23:15:32,0.0,42.5,28.7
2025-12-15 23:15:35,0.5,42.5,28.7
2025-12-15 23:15:38,0.2,42.5,28.7
2025-12-15 23:15:41,0.0,42.5,28.7
2025-12-15 23:15:44,0.0,42.5,28.7
2025-12-15 23:15:47,0.5,42.5,28.7
2025-12-15 23:15:50,0.0,42.5,28.7
2025-12-15 23:15:53,0.2,42.5,28.7
2025-12-15 23:15:56,0.2,42.5,28.7
2025-12-15 23:15:59,0.2,42.5,28.7
2025-12-15 23:16:02,0.0,42.5,28.7
2025-12-15 23:16:05,0.0,42.5,28.7
2025-12-15 23:16:08,0.0,42.5,28.7
2025-12-15 23:16:11,0.0,42.5,28.7
2025-12-15 23:16:14,0.7,42.5,28.7
2025-12-15 23:16:17,0.0,42.5,28.7
2025-12-15 23:16:20,0.0,42.5,28.7
2025-12-15 23:16:24,0.0,42.5,28.7
2025-12-15 23:16:27,0.2,42.5,28.7
2025-12-15 23:16:30,0.0,42.5,28.7
2025-12-15 23:16:33,0.5,42.5,28.7
2025-12-15 23:16:36,0.0,42.5,28.7
2025-12-15 23:16:39,0.0,42.5,28.7
2025-12-15 23:16:42,0.0,42.5,28.7
2025-12-15 23:16:45,0.0,42.5,28.7
2025-12-15 23:16:48,0.0,42.5,28.7
2025-12-15 23:16:51,0.2,42.5,28.7
2025-12-15 23:16:54,0.0,42.5,28.7
2025-12-15 23:16:57,0.0,42.5,28.7
2025-12-15 23:17:00,0.3,42.5,28.7
2025-12-15 23:17:03,0.2,42.5,28.7
2025-12-15 23:17:06,0.2,42.5,28.7
2025-12-15 23:17:09,0.0,42.5,28.7
2025-12-15 23:17:12,0.0,42.5,28.7
2025-12-15 23:17:15,0.2,42.5,28.7
2025-12-15 23:17:18,0.0,42.5,28.7
2025-12-15 23:17:21,0.2,42.5,28.7
2025-12-15 23:17:24,0.0,42.5,28.7
2025-12-15 23:17:27,0.2,42.5,28.7
2025-12-15 23:17:30,0.0,42.5,28.7
2025-12-15 23:17:33,0.0,42.5,28.7
2025-12-15 23:17:36,0.2,42.5,28.7
2025-12-15 23:17:39,0.0,42.5,28.7
2025-12-15 23:17:42,0.0,42.5,28.7
2025-12-15 23:17:45,0.0,42.5,28.7
2025-12-15 23:17:48,0.2,42.5,28.7
2025-12-15 23:17:51,0.0,42.5,28.7
2025-12-15 23:17:54,0.2,42.5,28.7
2025-12-15 23:17:57,0.2,42.5,28.7
2025-12-15 23:18:00,0.0,42.5,28.7
2025-12-15 23:18:03,0.0,42.5,28.7
2025-12-15 23:18:07,0.0,42.5,28.7
2025-12-15 23:18:10,0.0,42.5,28.7
2025-12-15 23:18:13,0.0,42.5,28.7
2025-12-15 23:18:16,0.0,42.5,28.7
2025-12-15 23:18:19,0.0,42.5,28.7
2025-12-15 23:18:22,0.2,42.5,28.7
2025-12-15 23:18:25,0.0,42.5,28.7
2025-12-15 23:18:28,0.0,42.5,28.7
2025-12-15 23:18:31,0.2,42.5,28.7
2025-12-15 23:18:34,0.0,42.5,28.7
2025-12-15 23:18:37,0.0,42.5,28.7
2025-12-15 23:18:40,0.0,42.5,28.7
2025-12-15 23:18:43,0.0,42.5,28.7
2025-12-15 23:18:46,0.0,42.5,28.7
2025-12-15 23:18:49,0.0,42.5,28.7
2025-12-15 23:18:52,0.0,42.5,28.7
2025-12-15 23:18:55,0.0,42.5,28.7
2025-12-15 23:18:58,0.0,42.5,28.7
2025-12-15 23:19:01,0.0,42.5,28.7
2025-12-15 23:19:04,0.0,42.5,28.7
2025-12-15 23:19:07,0.0,42.5,28.7
2025-12-15 23:19:10,0.0,42.5,28.7
2025-12-15 23:19:13,0.0,42.5,28.7
2025-12-15 23:19:16,0.0,42.5,28.7
2025-12-15 23:19:19,0.0,42.5,28.7
2025-12-15 23:19:22,0.0,42.5,28.7
2025-12-15 23:19:25,0.0,42.5,28.7
2025-12-15 23:19:28,0.0,42.5,28.7
2025-12-15 23:19:31,0.0,42.5,28.7
2025-12-15 23:19:34,0.0,42.5,28.7
2025-12-15 23:19:37,0.0,42.5,28.7
2025-12-15 23:19:40,0.0,42.5,28.7
2025-12-15 23:19:43,0.0,42.5,28.7
2025-12-15 23:19:46,0.0,42.5,28.7
2025-12-15 23:19:49,0.0,42.5,28.7
2025-12-15 23:19:52,0.0,42.5,28.7
2025-12-15 23:19:55,0.0,42.5,28.7
2025-12-15 23:19:58,0.0,42.5,28.7
2025-12-15 23:20:02,0.0,42.5,28.7
2025-12-15 23:20:05,15.4,42.4,28.7
2025-12-15 23:20:08,2.5,42.4,28.7
2025-12-15 23:20:11,16.8,41.2,28.7
2025-12-15 23:20:14,0.2,41.2,28.7
2025-12-15 23:20:17,0.0,41.2,28.7
2025-12-15 23:20:20,0.2,41.2,28.7
2025-12-15 23:20:23,0.0,41.2,28.7
2025-12-15 23:20:26,0.5,41.2,28.7
2025-12-15 23:20:29,0.0,41.2,28.7
2025-12-15 23:20:32,0.0,41.2,28.7
2025-12-15 23:20:35,0.0,41.2,28.7
2025-12-15 23:20:38,0.0,41.2,28.7
2025-12-15 23:20:41,0.2,41.2,28.7
2025-12-15 23:20:44,0.0,41.2,28.7
2025-12-15 23:20:47,0.2,41.2,28.7
2025-12-15 23:20:50,0.0,41.2,28.7
2025-12-15 23:20:53,0.2,41.2,28.7
2025-12-15 23:20:56,0.2,41.2,28.7
2025-12-15 23:20:59,0.2,41.2,28.7
2025-12-15 23:21:02,0.0,41.2,28.7
2025-12-15 23:21:05,0.0,41.2,28.7
2025-12-15 23:21:08,0.0,41.2,28.7
2025-12-15 23:21:11,0.2,41.2,28.7
2025-12-15 23:21:14,0.0,41.2,28.7
2025-12-15 23:21:17,0.0,41.2,28.7
2025-12-15 23:21:20,0.0,41.2,28.7
2025-12-15 23:21:23,0.0,41.2,28.7
2025-12-15 23:21:26,0.0,41.2,28.7
2025-12-15 23:21:29,0.0,41.2,28.7
2025-12-15 23:21:32,0.0,41.2,28.7
2025-12-15 23:21:36,0.0,41.2,28.7
2025-12-15 23:21:39,0.0,41.2,28.7
2025-12-15 23:21:42,0.0,41.2,28.7
2025-12-15 23:21:45,0.0,41.0,28.7
2025-12-15 23:21:48,0.0,41.0,28.7
2025-12-15 23:21:51,0.0,41.0,28.7
2025-12-15 23:21:54,0.2,41.0,28.7
2025-12-15 23:21:57,0.0,41.0,28.7
2025-12-15 23:22:00,0.5,41.2,28.7
2025-12-15 23:22:03,0.0,42.0,28.7
2025-12-15 23:22:06,0.0,42.0,28.7
2025-12-15 23:22:09,0.2,41.9,28.7
2025-12-15 23:22:12,1.0,42.0,28.7
                                                                                                                                                                                                                                                                                                                           2025-12-15 23:25:51,19.6,28.1,28.7
2025-12-15 23:25:54,0.5,28.1,28.7
2025-12-15 23:25:57,0.5,28.1,28.7
2025-12-15 23:26:00,0.0,28.1,28.7
2025-12-15 23:26:03,0.0,28.1,28.7
2025-12-15 23:26:06,0.3,28.0,28.7
2025-12-15 23:26:09,0.0,28.0,28.7
2025-12-15 23:26:13,4.1,28.1,28.7
2025-12-15 23:26:16,45.3,30.3,28.7
2025-12-15 23:26:19,66.2,39.5,28.7
2025-12-15 23:26:22,14.6,39.7,28.7
2025-12-15 23:26:25,0.8,39.7,28.7
2025-12-15 23:26:28,0.3,39.4,28.7
2025-12-15 23:26:31,10.6,38.4,28.7
2025-12-15 23:26:34,0.8,38.4,28.7
2025-12-15 23:26:37,1.5,38.6,28.7
2025-12-15 23:26:40,0.5,38.6,28.7
2025-12-15 23:26:43,0.5,38.6,28.7
2025-12-15 23:26:46,1.0,38.6,28.7
2025-12-15 23:26:49,20.4,39.2,28.7
2025-12-15 23:26:52,22.0,40.6,28.7
2025-12-15 23:26:55,55.0,48.5,28.7
2025-12-15 23:26:58,4.5,50.3,28.7
2025-12-15 23:27:01,6.7,49.7,28.7
2025-12-15 23:27:04,1.5,49.3,28.7
2025-12-15 23:27:07,1.0,48.6,28.7
2025-12-15 23:27:10,0.5,48.5,28.7
2025-12-15 23:27:13,0.5,48.4,28.7
2025-12-15 23:27:16,4.6,48.9,28.7
2025-12-15 23:27:19,21.9,49.5,28.7
2025-12-15 23:27:22,23.5,50.6,28.7
2025-12-15 23:27:25,71.9,54.1,28.7
2025-12-15 23:27:28,40.7,54.7,28.7
2025-12-15 23:27:31,9.0,54.7,28.7
2025-12-15 23:27:34,17.0,54.6,28.7
2025-12-15 23:27:37,7.8,55.0,28.7
2025-12-15 23:27:40,16.1,54.5,28.7
2025-12-15 23:27:43,4.1,54.4,28.7
2025-12-15 23:27:46,15.4,54.7,28.7
2025-12-15 23:27:49,37.6,55.3,28.7
2025-12-15 23:27:52,7.0,55.1,28.8
2025-12-15 23:27:55,13.6,55.1,28.8
2025-12-15 23:27:58,5.7,55.3,28.8
2025-12-15 23:28:01,8.4,55.5,28.8
2025-12-15 23:28:04,39.3,56.2,28.8
2025-12-15 23:28:07,4.7,54.9,28.8
2025-12-15 23:28:10,19.8,53.5,28.8
2025-12-15 23:28:13,7.6,53.4,28.8
2025-12-15 23:28:16,10.8,54.6,28.8
2025-12-15 23:28:19,12.1,54.2,28.8
2025-12-15 23:28:22,33.8,55.3,28.8
2025-12-15 23:28:26,0.8,54.4,28.8
2025-12-15 23:28:29,1.8,54.2,28.8
2025-12-15 23:28:32,0.0,54.2,28.8
2025-12-15 23:28:35,0.3,54.2,28.8
2025-12-15 23:28:38,0.3,54.2,28.8
2025-12-15 23:28:41,30.8,54.6,28.9
2025-12-15 23:28:44,8.4,56.7,28.9
2025-12-15 23:28:47,3.8,55.6,28.8
2025-12-15 23:28:50,14.7,55.5,28.8
2025-12-15 23:28:53,6.8,55.3,28.9
2025-12-15 23:28:56,1.3,54.7,28.9
2025-12-15 23:28:59,4.1,54.1,28.9
2025-12-15 23:29:02,4.3,54.3,28.9
2025-12-15 23:29:05,0.5,54.3,28.9
2025-12-15 23:29:08,0.8,54.3,28.9
2025-12-15 23:29:11,0.3,54.3,28.9
2025-12-15 23:29:14,0.5,54.3,28.9
2025-12-15 23:29:17,0.8,54.5,28.9
2025-12-15 23:29:20,0.3,54.5,28.9
2025-12-15 23:29:23,0.5,54.5,28.9
2025-12-15 23:29:26,0.5,54.5,28.9
2025-12-15 23:29:29,0.3,54.5,28.9
2025-12-15 23:29:32,0.8,54.5,28.9
2025-12-15 23:29:35,0.5,54.4,28.9
2025-12-15 23:29:38,0.3,54.4,28.9
2025-12-15 23:29:41,0.5,54.4,28.9
2025-12-15 23:29:44,0.3,54.3,28.9
2025-12-15 23:29:47,0.5,54.2,28.9
2025-12-15 23:29:50,0.8,54.2,28.9
2025-12-15 23:29:53,1.0,54.2,28.9
2025-12-15 23:29:56,0.3,54.2,28.9
2025-12-15 23:29:59,0.8,54.2,28.9
2025-12-15 23:30:02,0.3,53.9,28.9
2025-12-15 23:30:05,0.3,53.9,28.9
2025-12-15 23:30:08,0.5,53.9,28.9
2025-12-15 23:30:11,0.8,53.9,28.9
2025-12-15 23:30:14,0.8,53.8,28.9
2025-12-15 23:30:17,0.5,54.2,28.9
2025-12-15 23:30:20,0.3,54.2,28.9
2025-12-15 23:30:23,0.5,54.2,28.9
2025-12-15 23:30:26,0.3,54.2,28.9
2025-12-15 23:30:29,0.8,54.1,28.9
2025-12-15 23:30:32,0.5,54.1,28.9
2025-12-15 23:30:35,0.5,54.1,28.9
2025-12-15 23:30:38,0.3,54.5,28.9
2025-12-15 23:30:41,0.0,54.5,28.9
2025-12-15 23:30:44,3.5,54.8,28.9
2025-12-15 23:30:47,0.0,54.8,28.9
2025-12-15 23:30:50,0.0,54.8,28.9
2025-12-15 23:30:53,0.0,54.8,28.9
2025-12-15 23:30:56,0.0,54.8,28.9
2025-12-15 23:30:59,0.3,54.8,28.9
2025-12-15 23:31:02,0.3,54.8,28.9
2025-12-15 23:31:05,0.0,54.8,28.9
2025-12-15 23:31:08,0.2,54.8,28.9
2025-12-15 23:31:11,0.2,54.7,28.9
2025-12-15 23:31:14,0.0,54.7,28.9
2025-12-15 23:31:17,0.0,54.8,28.9
2025-12-15 23:31:20,0.3,54.8,28.9
2025-12-15 23:31:23,0.3,54.8,28.9
2025-12-15 23:31:26,0.0,54.8,28.9
2025-12-15 23:31:29,0.5,54.8,28.9
2025-12-15 23:31:32,0.3,54.8,28.9
2025-12-15 23:31:35,0.3,54.8,28.9
2025-12-15 23:31:38,0.0,54.8,28.9
2025-12-15 23:31:42,0.0,54.8,28.9
2025-12-15 23:31:45,0.3,54.8,28.9
2025-12-15 23:31:48,0.5,54.8,28.9
2025-12-15 23:31:51,0.0,54.8,28.9
2025-12-15 23:31:54,12.3,53.7,28.9
2025-12-15 23:31:57,1.5,54.3,28.9
2025-12-15 23:32:00,0.5,54.3,28.9
2025-12-15 23:32:03,0.0,54.3,28.9
2025-12-15 23:32:06,0.8,54.3,28.9
2025-12-15 23:32:09,9.4,54.3,28.9
2025-12-15 23:32:12,1.6,54.2,28.9
2025-12-15 23:32:15,1.8,54.2,28.9
2025-12-15 23:32:18,1.3,54.2,28.9
2025-12-15 23:32:21,0.3,54.2,28.9
2025-12-15 23:32:24,0.2,54.2,28.9
2025-12-15 23:32:27,0.0,54.2,28.9
2025-12-15 23:32:30,0.8,54.2,28.9
2025-12-15 23:32:33,0.3,54.2,28.9
2025-12-15 23:32:36,0.0,54.2,28.9
2025-12-15 23:32:39,0.0,54.2,28.9
2025-12-15 23:32:42,0.0,54.2,28.9
2025-12-15 23:32:45,0.0,54.2,28.9
2025-12-15 23:32:48,0.0,54.2,28.9
2025-12-15 23:32:51,0.0,54.2,28.9
2025-12-15 23:32:54,0.3,54.2,28.9
2025-12-15 23:32:57,0.3,54.2,28.9
2025-12-15 23:33:00,0.3,54.2,28.9
2025-12-15 23:33:03,0.0,54.2,28.9
2025-12-15 23:33:06,0.0,54.2,28.9
2025-12-15 23:33:09,0.3,54.2,28.9
2025-12-15 23:33:12,0.0,54.2,28.9
2025-12-15 23:33:15,0.0,54.2,28.9
2025-12-15 23:33:18,0.0,54.2,28.9
2025-12-15 23:33:21,0.0,54.2,28.9
2025-12-15 23:33:24,0.8,54.2,28.9
2025-12-15 23:33:27,0.0,54.2,28.9
2025-12-15 23:33:30,0.3,54.2,28.9
2025-12-15 23:33:33,0.5,54.2,28.9
2025-12-15 23:33:36,0.5,54.2,28.9
2025-12-15 23:33:39,0.3,54.2,28.9
2025-12-15 23:33:42,0.3,54.2,28.9
2025-12-15 23:33:45,0.0,54.2,28.9
2025-12-15 23:33:48,0.3,54.2,28.9
2025-12-15 23:33:51,0.2,54.2,28.9
2025-12-15 23:33:54,0.5,54.2,28.9
2025-12-15 23:33:57,0.2,54.2,28.9
2025-12-15 23:34:00,0.3,54.2,28.9
2025-12-15 23:34:03,0.2,54.2,28.9
2025-12-15 23:34:06,0.0,54.2,28.9
2025-12-15 23:34:09,1.0,54.2,28.9
2025-12-15 23:34:12,0.3,54.2,28.9
2025-12-15 23:34:15,0.3,54.2,28.9
2025-12-15 23:34:18,1.0,54.2,28.9
